Data;Hora;Consumo registado, Ativa (kW);Estado
2026/07/30;00:15;0,236;Real
2026/07/30;00:30;0,212;Real
2026/07/30;00:45;0,15;Real
2026/07/30;01:00;0,193;Real
2026/07/30;01:15;2,176;Real
2026/07/30;01:30;0,134;Real
2026/07/30;01:45;0,163;Estimado
2026/07/30;02:00;0,127;Real
2026/07/30;02:15;0,114;Real
2026/07/30;02:30;0,139;Real
2026/07/30;02:45;0,117;Real
2026/07/30;03:00;0,146;Real
2026/07/30;03:15;0,128;Real
2026/07/30;03:30;0,097;Real
2026/07/30;03:45;0,123;Real
2026/07/30;04:00;0,112;Real
2026/07/30;04:15;0,117;Real
2026/07/30;04:30;0,134;Real
2026/07/30;04:45;0,135;Real
2026/07/30;05:00;0,111;Estimado
2026/07/30;05:15;0,171;Real
2026/07/30;05:30;0,15;Real
2026/07/30;05:45;0,165;Real
2026/07/30;06:00;0,149;Real
2026/07/30;06:15;0,158;Real
2026/07/30;06:30;0,277;Real
2026/07/30;06:45;0,166;Real
2026/07/30;07:00;0,235;Real
2026/07/30;07:15;0,444;Real
2026/07/30;07:30;0,393;Real
2026/07/30;07:45;0,419;Real
2026/07/30;08:00;0,454;Real
2026/07/30;08:15;0,416;Real
2026/07/30;08:30;0,432;Real
2026/07/30;08:45;0,471;Real
2026/07/30;09:00;0,504;Real
2026/07/30;09:15;0,269;Real
2026/07/30;09:30;0,409;Real
2026/07/30;09:45;0,287;Real
2026/07/30;10:00;0,259;Real
2026/07/30;10:15;0,338;Real
2026/07/30;10:30;0,34;Real
2026/07/30;10:45;0,197;Real
2026/07/30;11:00;0,241;Real
2026/07/30;11:15;0,391;Real
2026/07/30;11:30;0,358;Estimado
2026/07/30;11:45;0,23;Real
2026/07/30;12:00;0,36;Real
2026/07/30;12:15;0,54;Real
2026/07/30;12:30;0,581;Real
2026/07/30;12:45;0,333;Real
2026/07/30;13:00;0,542;Real
2026/07/30;13:15;0,623;Real
2026/07/30;13:30;0,462;Real
2026/07/30;13:45;0,605;Real
2026/07/30;14:00;0,567;Real
2026/07/30;14:15;0,256;Real
2026/07/30;14:30;0,378;Real
2026/07/30;14:45;0,317;Real
2026/07/30;15:00;0,314;Real
2026/07/30;15:15;0,332;Real
2026/07/30;15:30;0,29;Real
2026/07/30;15:45;0,279;Real
2026/07/30;16:00;0,279;Real
2026/07/30;16:15;0,342;Real
2026/07/30;16:30;0,217;Real
2026/07/30;16:45;0,251;Real
2026/07/30;17:00;0,261;Real
2026/07/30;17:15;0,368;Real
2026/07/30;17:30;0,317;Real
2026/07/30;17:45;0,334;Real
2026/07/30;18:00;0,336;Real
2026/07/30;18:15;0,492;Real
2026/07/30;18:30;0,483;Real
2026/07/30;18:45;0,533;Real
2026/07/30;19:00;0,416;Real
2026/07/30;19:15;0,714;Real
2026/07/30;19:30;0,734;Real
2026/07/30;19:45;0,702;Real
2026/07/30;20:00;0,636;Real
2026/07/30;20:15;1,073;Real
2026/07/30;20:30;2,397;Real
2026/07/30;20:45;1,054;Real
2026/07/30;21:00;0,809;Real
2026/07/30;21:15;0,894;Real
2026/07/30;21:30;0,763;Real
2026/07/30;21:45;0,943;Real
2026/07/30;22:00;0,888;Real
2026/07/30;22:15;0,584;Real
2026/07/30;22:30;0,48;Real
2026/07/30;22:45;0,684;Real
2026/07/30;23:00;0,697;Real
2026/07/30;23:15;0,39;Real
2026/07/30;23:30;0,345;Real
2026/07/30;23:45;0,443;Real
2026/07/31;00:00;0,349;Real
2026/07/31;00:15;0,177;Real
2026/07/31;00:30;0,168;Real
2026/07/31;00:45;0,143;Real
2026/07/31;01:00;0,174;Real
2026/07/31;01:15;0,124;Real
2026/07/31;01:30;0,116;Real
2026/07/31;01:45;0,132;Real
2026/07/31;02:00;0,164;Real
2026/07/31;02:15;0,159;Real
2026/07/31;02:30;0,129;Real
2026/07/31;02:45;0,16;Real
2026/07/31;03:00;0,129;Real
2026/07/31;03:15;0,127;Real
2026/07/31;03:30;0,144;Real
2026/07/31;03:45;0,157;Real
2026/07/31;04:00;0,143;Real
2026/07/31;04:15;0,122;Real
2026/07/31;04:30;0,121;Real
2026/07/31;04:45;0,098;Real
2026/07/31;05:00;0,147;Real
2026/07/31;05:15;0,127;Real
2026/07/31;05:30;0,163;Real
2026/07/31;05:45;0,162;Real
2026/07/31;06:00;0,122;Real
2026/07/31;06:15;0,253;Real
2026/07/31;06:30;0,226;Real
2026/07/31;06:45;0,184;Real
2026/07/31;07:00;0,267;Real
2026/07/31;07:15;0,375;Real
2026/07/31;07:30;0,371;Real
2026/07/31;07:45;0,273;Real
2026/07/31;08:00;0,321;Real
2026/07/31;08:15;0,453;Real
2026/07/31;08:30;0,475;Real
2026/07/31;08:45;0,422;Real
2026/07/31;09:00;0,412;Estimado
2026/07/31;09:15;0,252;Real
2026/07/31;09:30;0,269;Real
2026/07/31;09:45;0,392;Real
2026/07/31;10:00;0,253;Real
2026/07/31;10:15;0,27;Real
2026/07/31;10:30;0,305;Real
2026/07/31;10:45;0,225;Real
2026/07/31;11:00;0,278;Estimado
2026/07/31;11:15;0,369;Real
2026/07/31;11:30;0,229;Real
2026/07/31;11:45;0,292;Real
2026/07/31;12:00;0,227;Real
2026/07/31;12:15;0,552;Real
2026/07/31;12:30;0,336;Real
2026/07/31;12:45;0,45;Real
2026/07/31;13:00;0,468;Real
2026/07/31;13:15;0,575;Real
2026/07/31;13:30;0,369;Real
2026/07/31;13:45;0,454;Real
2026/07/31;14:00;0,61;Real
2026/07/31;14:15;0,419;Real
2026/07/31;14:30;0,418;Real
2026/07/31;14:45;0,34;Real
2026/07/31;15:00;0,408;Real
2026/07/31;15:15;0,258;Real
2026/07/31;15:30;0,289;Real
2026/07/31;15:45;0,216;Real
2026/07/31;16:00;0,239;Real
2026/07/31;16:15;0,236;Real
2026/07/31;16:30;0,291;Real
2026/07/31;16:45;0,329;Real
2026/07/31;17:00;0,303;Estimado
2026/07/31;17:15;0,36;Real
2026/07/31;17:30;0,269;Real
2026/07/31;17:45;0,438;Real
2026/07/31;18:00;0,318;Real
2026/07/31;18:15;0,361;Real
2026/07/31;18:30;0,45;Real
2026/07/31;18:45;0,42;Real
2026/07/31;19:00;0,466;Real
2026/07/31;19:15;0,771;Real
2026/07/31;19:30;0,83;Real
2026/07/31;19:45;0,705;Real
2026/07/31;20:00;0,731;Real
2026/07/31;20:15;0,686;Real
2026/07/31;20:30;1;Real
2026/07/31;20:45;0,728;Real
2026/07/31;21:00;0,89;Real
2026/07/31;21:15;1,072;Real
2026/07/31;21:30;0,688;Real
2026/07/31;21:45;0,948;Real
2026/07/31;22:00;1,102;Real
2026/07/31;22:15;2,42;Real
2026/07/31;22:30;2,322;Real
2026/07/31;22:45;0,656;Real
2026/07/31;23:00;0,628;Real
2026/07/31;23:15;0,387;Real
2026/07/31;23:30;0,262;Real
2026/07/31;23:45;0,32;Real
2026/08/01;00:00;0,34;Real
2026/08/01;00:15;0,159;Real
2026/08/01;00:30;0,259;Real
2026/08/01;00:45;0,188;Real
2026/08/01;01:00;0,258;Real
2026/08/01;01:15;2,194;Real
2026/08/01;01:30;0,134;Real
2026/08/01;01:45;0,149;Real
2026/08/01;02:00;0,178;Real
2026/08/01;02:15;0,117;Real
2026/08/01;02:30;0,123;Real
2026/08/01;02:45;0,159;Real
2026/08/01;03:00;0,087;Real
2026/08/01;03:15;0,134;Real
2026/08/01;03:30;0,119;Real
2026/08/01;03:45;0,148;Real
2026/08/01;04:00;0,132;Real
2026/08/01;04:15;0,16;Real
2026/08/01;04:30;0,149;Real
2026/08/01;04:45;0,156;Estimado
2026/08/01;05:00;0,098;Real
2026/08/01;05:15;0,163;Real
2026/08/01;05:30;0,174;Real
2026/08/01;05:45;0,121;Real
2026/08/01;06:00;0,175;Real
2026/08/01;06:15;0,203;Real
2026/08/01;06:30;0,125;Real
2026/08/01;06:45;0,142;Real
2026/08/01;07:00;0,212;Real
2026/08/01;07:15;0,311;Real
2026/08/01;07:30;0,266;Real
2026/08/01;07:45;0,284;Real
2026/08/01;08:00;0,178;Real
2026/08/01;08:15;0,401;Real
2026/08/01;08:30;0,364;Real
2026/08/01;08:45;0,296;Real
2026/08/01;09:00;0,347;Real
2026/08/01;09:15;0,404;Real
2026/08/01;09:30;0,446;Real
2026/08/01;09:45;0,411;Real
2026/08/01;10:00;0,371;Real
2026/08/01;10:15;0,452;Real
2026/08/01;10:30;0,425;Real
2026/08/01;10:45;0,757;Real
2026/08/01;11:00;0,663;Real
2026/08/01;11:15;0,557;Real
2026/08/01;11:30;0,64;Real
2026/08/01;11:45;0,767;Real
2026/08/01;12:00;0,775;Real
2026/08/01;12:15;0,613;Real
2026/08/01;12:30;0,781;Real
2026/08/01;12:45;0,529;Real
2026/08/01;13:00;0,842;Real
2026/08/01;13:15;0,531;Real
2026/08/01;13:30;0,688;Real
2026/08/01;13:45;0,815;Real
2026/08/01;14:00;0,831;Real
2026/08/01;14:15;0,501;Real
2026/08/01;14:30;0,546;Real
2026/08/01;14:45;0,502;Real
2026/08/01;15:00;0,538;Real
2026/08/01;15:15;0,407;Real
2026/08/01;15:30;0,371;Real
2026/08/01;15:45;0,502;Real
2026/08/01;16:00;0,554;Real
2026/08/01;16:15;0,361;Real
2026/08/01;16:30;0,513;Real
2026/08/01;16:45;0,422;Real
2026/08/01;17:00;0,329;Real
2026/08/01;17:15;0,356;Real
2026/08/01;17:30;0,373;Real
2026/08/01;17:45;0,401;Estimado
2026/08/01;18:00;0,467;Real
2026/08/01;18:15;0,335;Real
2026/08/01;18:30;0,389;Real
2026/08/01;18:45;0,388;Real
2026/08/01;19:00;0,408;Real
2026/08/01;19:15;0,547;Real
2026/08/01;19:30;0,558;Real
2026/08/01;19:45;0,61;Real
2026/08/01;20:00;0,464;Real
2026/08/01;20:15;0,646;Real
2026/08/01;20:30;0,809;Real
2026/08/01;20:45;0,586;Real
2026/08/01;21:00;0,655;Real
2026/08/01;21:15;0,974;Real
2026/08/01;21:30;0,591;Real
2026/08/01;21:45;0,991;Real
2026/08/01;22:00;0,621;Real
2026/08/01;22:15;0,5;Real
2026/08/01;22:30;0,499;Real
2026/08/01;22:45;0,589;Real
2026/08/01;23:00;0,66;Real
2026/08/01;23:15;0,253;Real
2026/08/01;23:30;0,385;Real
2026/08/01;23:45;0,42;Real
2026/08/02;00:00;0,346;Real
2026/08/02;00:15;0,241;Real
2026/08/02;00:30;0,17;Real
2026/08/02;00:45;0,156;Real
2026/08/02;01:00;0,216;Real
2026/08/02;01:15;0,142;Real
2026/08/02;01:30;0,162;Real
2026/08/02;01:45;0,149;Real
2026/08/02;02:00;0,163;Real
2026/08/02;02:15;0,156;Real
2026/08/02;02:30;0,133;Real
2026/08/02;02:45;0,153;Real
2026/08/02;03:00;0,09;Real
2026/08/02;03:15;0,116;Real
2026/08/02;03:30;0,159;Real
2026/08/02;03:45;0,118;Real
2026/08/02;04:00;0,1;Real
2026/08/02;04:15;0,109;Real
2026/08/02;04:30;0,14;Real
2026/08/02;04:45;0,145;Real
2026/08/02;05:00;0,137;Real
2026/08/02;05:15;0,121;Real
2026/08/02;05:30;0,144;Real
2026/08/02;05:45;0,141;Real
2026/08/02;06:00;0,17;Real
2026/08/02;06:15;0,124;Real
2026/08/02;06:30;0,152;Real
2026/08/02;06:45;0,198;Real
2026/08/02;07:00;0,176;Real
2026/08/02;07:15;0,204;Real
2026/08/02;07:30;0,207;Real
2026/08/02;07:45;0,292;Real
2026/08/02;08:00;0,222;Real
2026/08/02;08:15;0,47;Real
2026/08/02;08:30;0,452;Real
2026/08/02;08:45;0,483;Real
2026/08/02;09:00;0,467;Real
2026/08/02;09:15;0,418;Real
2026/08/02;09:30;0,446;Real
2026/08/02;09:45;0,52;Real
2026/08/02;10:00;0,389;Real
2026/08/02;10:15;0,633;Real
2026/08/02;10:30;0,478;Real
2026/08/02;10:45;0,501;Real
2026/08/02;11:00;0,589;Real
2026/08/02;11:15;0,646;Real
2026/08/02;11:30;0,735;Real
2026/08/02;11:45;0,672;Real
2026/08/02;12:00;0,553;Real
2026/08/02;12:15;0,718;Real
2026/08/02;12:30;0,795;Real
2026/08/02;12:45;0,495;Real
2026/08/02;13:00;0,803;Real
2026/08/02;13:15;0,599;Real
2026/08/02;13:30;0,786;Real
2026/08/02;13:45;0,673;Real
2026/08/02;14:00;0,915;Real
2026/08/02;14:15;0,581;Real
2026/08/02;14:30;0,599;Real
2026/08/02;14:45;0,66;Real
2026/08/02;15:00;0,514;Real
2026/08/02;15:15;0,339;Real
2026/08/02;15:30;0,564;Real
2026/08/02;15:45;0,416;Estimado
2026/08/02;16:00;0,354;Real
2026/08/02;16:15;0,476;Real
2026/08/02;16:30;0,518;Real
2026/08/02;16:45;0,457;Real
2026/08/02;17:00;0,52;Real
2026/08/02;17:15;0,444;Real
2026/08/02;17:30;0,474;Real
2026/08/02;17:45;0,443;Real
2026/08/02;18:00;0,501;Real
2026/08/02;18:15;0,335;Real
2026/08/02;18:30;0,359;Real
2026/08/02;18:45;0,603;Real
2026/08/02;19:00;0,45;Real
2026/08/02;19:15;0,778;Real
2026/08/02;19:30;0,668;Real
2026/08/02;19:45;0,727;Real
2026/08/02;20:00;0,575;Real
2026/08/02;20:15;0,88;Real
2026/08/02;20:30;0,555;Real
2026/08/02;20:45;0,943;Real
2026/08/02;21:00;0,665;Real
2026/08/02;21:15;0,605;Real
2026/08/02;21:30;0,839;Real
2026/08/02;21:45;0,603;Real
2026/08/02;22:00;0,69;Real
2026/08/02;22:15;0,502;Real
2026/08/02;22:30;0,539;Real
2026/08/02;22:45;0,473;Real
2026/08/02;23:00;0,775;Real
2026/08/02;23:15;0,383;Real
2026/08/02;23:30;0,323;Estimado
2026/08/02;23:45;0,266;Real
2026/08/03;00:00;0,381;Real
2026/08/03;00:15;0,203;Real
2026/08/03;00:30;0,184;Real
2026/08/03;00:45;0,217;Estimado
2026/08/03;01:00;0,16;Real
2026/08/03;01:15;0,127;Real
2026/08/03;01:30;0,102;Real
2026/08/03;01:45;0,169;Real
2026/08/03;02:00;0,138;Real
2026/08/03;02:15;0,147;Real
2026/08/03;02:30;0,091;Real
2026/08/03;02:45;0,155;Real
2026/08/03;03:00;0,113;Real
2026/08/03;03:15;0,109;Real
2026/08/03;03:30;0,113;Real
2026/08/03;03:45;0,123;Real
2026/08/03;04:00;0,122;Real
2026/08/03;04:15;0,127;Real
2026/08/03;04:30;0,129;Real
2026/08/03;04:45;0,143;Real
2026/08/03;05:00;0,114;Real
2026/08/03;05:15;0,107;Real
2026/08/03;05:30;0,121;Real
2026/08/03;05:45;0,161;Real
2026/08/03;06:00;0,129;Real
2026/08/03;06:15;0,277;Real
2026/08/03;06:30;0,202;Real
2026/08/03;06:45;0,259;Real
2026/08/03;07:00;0,271;Real
2026/08/03;07:15;0,475;Real
2026/08/03;07:30;0,393;Real
2026/08/03;07:45;0,326;Real
2026/08/03;08:00;0,29;Real
2026/08/03;08:15;0,375;Real
2026/08/03;08:30;0,341;Real
2026/08/03;08:45;0,348;Estimado
2026/08/03;09:00;0,5;Real
2026/08/03;09:15;0,422;Real
2026/08/03;09:30;0,435;Real
2026/08/03;09:45;0,284;Real
2026/08/03;10:00;0,281;Real
2026/08/03;10:15;0,316;Real
2026/08/03;10:30;0,319;Real
2026/08/03;10:45;0,312;Real
2026/08/03;11:00;0,323;Real
2026/08/03;11:15;0,355;Real
2026/08/03;11:30;0,329;Real
2026/08/03;11:45;0,299;Real
2026/08/03;12:00;0,395;Real
2026/08/03;12:15;0,549;Real
2026/08/03;12:30;0,453;Real
2026/08/03;12:45;0,488;Real
2026/08/03;13:00;0,588;Real
2026/08/03;13:15;0,349;Real
2026/08/03;13:30;0,462;Real
2026/08/03;13:45;0,457;Real
2026/08/03;14:00;0,517;Real
2026/08/03;14:15;0,348;Estimado
2026/08/03;14:30;0,411;Estimado
2026/08/03;14:45;0,361;Real
2026/08/03;15:00;0,312;Real
2026/08/03;15:15;0,207;Real
2026/08/03;15:30;0,25;Real
2026/08/03;15:45;0,293;Real
2026/08/03;16:00;0,265;Real
2026/08/03;16:15;0,208;Real
2026/08/03;16:30;0,27;Real
2026/08/03;16:45;0,247;Real
2026/08/03;17:00;0,348;Real
2026/08/03;17:15;0,362;Real
2026/08/03;17:30;0,368;Real
2026/08/03;17:45;0,352;Real
2026/08/03;18:00;0,304;Real
2026/08/03;18:15;0,562;Real
2026/08/03;18:30;0,376;Real
2026/08/03;18:45;0,55;Real
2026/08/03;19:00;0,502;Real
2026/08/03;19:15;0,514;Real
2026/08/03;19:30;0,497;Real
2026/08/03;19:45;0,764;Real
2026/08/03;20:00;0,678;Real
2026/08/03;20:15;1,032;Real
2026/08/03;20:30;0,696;Real
2026/08/03;20:45;1,039;Real
2026/08/03;21:00;1,015;Real
2026/08/03;21:15;0,618;Real
2026/08/03;21:30;1,127;Real
2026/08/03;21:45;0,762;Real
2026/08/03;22:00;0,69;Real
2026/08/03;22:15;0,592;Real
2026/08/03;22:30;2,332;Real
2026/08/03;22:45;0,702;Real
2026/08/03;23:00;0,619;Real
2026/08/03;23:15;0,323;Real
2026/08/03;23:30;0,291;Real
2026/08/03;23:45;0,387;Real
2026/08/04;00:00;0,263;Real
2026/08/04;00:15;0,223;Real
2026/08/04;00:30;0,21;Estimado
2026/08/04;00:45;0,165;Real
2026/08/04;01:00;0,241;Real
2026/08/04;01:15;2,162;Real
2026/08/04;01:30;0,134;Real
2026/08/04;01:45;0,176;Real
2026/08/04;02:00;0,171;Estimado
2026/08/04;02:15;0,158;Real
2026/08/04;02:30;0,136;Real
2026/08/04;02:45;0,153;Real
2026/08/04;03:00;0,113;Real
2026/08/04;03:15;0,159;Real
2026/08/04;03:30;0,139;Real
2026/08/04;03:45;0,102;Real
2026/08/04;04:00;0,139;Real
2026/08/04;04:15;0,133;Real
2026/08/04;04:30;0,119;Real
2026/08/04;04:45;0,154;Real
2026/08/04;05:00;0,126;Real
2026/08/04;05:15;0,176;Real
2026/08/04;05:30;0,133;Real
2026/08/04;05:45;0,107;Real
2026/08/04;06:00;0,17;Real
2026/08/04;06:15;0,185;Real
2026/08/04;06:30;0,249;Real
2026/08/04;06:45;0,187;Real
2026/08/04;07:00;0,231;Real
2026/08/04;07:15;0,28;Real
2026/08/04;07:30;0,358;Real
2026/08/04;07:45;0,307;Real
2026/08/04;08:00;0,467;Real
2026/08/04;08:15;0,484;Real
2026/08/04;08:30;0,332;Real
2026/08/04;08:45;0,548;Real
2026/08/04;09:00;0,507;Real
2026/08/04;09:15;0,309;Real
2026/08/04;09:30;0,312;Real
2026/08/04;09:45;0,411;Real
2026/08/04;10:00;0,428;Real
2026/08/04;10:15;0,344;Real
2026/08/04;10:30;0,287;Real
2026/08/04;10:45;0,286;Real
2026/08/04;11:00;0,343;Real
2026/08/04;11:15;0,261;Real
2026/08/04;11:30;0,231;Real
2026/08/04;11:45;0,364;Real
2026/08/04;12:00;0,351;Real
2026/08/04;12:15;0,51;Real
2026/08/04;12:30;0,531;Real
2026/08/04;12:45;0,589;Real
2026/08/04;13:00;0,503;Real
2026/08/04;13:15;0,414;Real
2026/08/04;13:30;0,636;Real
2026/08/04;13:45;0,584;Real
2026/08/04;14:00;0,619;Real
2026/08/04;14:15;0,418;Real
2026/08/04;14:30;0,347;Real
2026/08/04;14:45;0,378;Real
2026/08/04;15:00;0,421;Estimado
2026/08/04;15:15;0,196;Real
2026/08/04;15:30;0,278;Real
2026/08/04;15:45;0,287;Real
2026/08/04;16:00;0,214;Real
2026/08/04;16:15;0,241;Real
2026/08/04;16:30;0,214;Real
2026/08/04;16:45;0,261;Real
2026/08/04;17:00;0,262;Real
2026/08/04;17:15;0,244;Real
2026/08/04;17:30;0,337;Real
2026/08/04;17:45;0,341;Real
2026/08/04;18:00;0,35;Real
2026/08/04;18:15;0,396;Real
2026/08/04;18:30;0,492;Real
2026/08/04;18:45;0,413;Real
2026/08/04;19:00;0,408;Real
2026/08/04;19:15;0,801;Real
2026/08/04;19:30;0,69;Real
2026/08/04;19:45;0,665;Real
2026/08/04;20:00;0,496;Real
2026/08/04;20:15;0,603;Real
2026/08/04;20:30;2,424;Real
2026/08/04;20:45;1,028;Estimado
2026/08/04;21:00;0,747;Real
2026/08/04;21:15;0,639;Real
2026/08/04;21:30;1,013;Real
2026/08/04;21:45;0,967;Real
2026/08/04;22:00;0,665;Real
2026/08/04;22:15;2,287;Real
2026/08/04;22:30;0,654;Real
2026/08/04;22:45;0,509;Real
2026/08/04;23:00;0,59;Real
2026/08/04;23:15;0,275;Real
2026/08/04;23:30;0,387;Real
2026/08/04;23:45;0,373;Real
2026/08/05;00:00;0,42;Real
2026/08/05;00:15;0,134;Real
2026/08/05;00:30;0,144;Estimado
2026/08/05;00:45;0,142;Real
2026/08/05;01:00;0,154;Real
2026/08/05;01:15;2,096;Real
2026/08/05;01:30;0,102;Real
2026/08/05;01:45;0,131;Real
2026/08/05;02:00;0,165;Real
2026/08/05;02:15;0,137;Real
2026/08/05;02:30;0,092;Real
2026/08/05;02:45;0,1;Real
2026/08/05;03:00;0,095;Real
2026/08/05;03:15;0,155;Real
2026/08/05;03:30;0,092;Real
2026/08/05;03:45;0,109;Real
2026/08/05;04:00;0,122;Real
2026/08/05;04:15;0,118;Real
2026/08/05;04:30;0,15;Real
2026/08/05;04:45;0,158;Real
2026/08/05;05:00;0,128;Real
2026/08/05;05:15;0,107;Real
2026/08/05;05:30;0,134;Real
2026/08/05;05:45;0,15;Real
2026/08/05;06:00;0,116;Real
2026/08/05;06:15;0,279;Real
2026/08/05;06:30;0,19;Real
2026/08/05;06:45;0,179;Real
2026/08/05;07:00;0,201;Real
2026/08/05;07:15;0,304;Real
2026/08/05;07:30;0,452;Real
2026/08/05;07:45;0,299;Real
2026/08/05;08:00;0,363;Real
2026/08/05;08:15;0,547;Real
2026/08/05;08:30;0,544;Real
2026/08/05;08:45;0,355;Real
2026/08/05;09:00;0,505;Real
2026/08/05;09:15;0,411;Real
2026/08/05;09:30;0,285;Real
2026/08/05;09:45;0,331;Real
2026/08/05;10:00;0,379;Estimado
2026/08/05;10:15;0,294;Real
2026/08/05;10:30;0,292;Real
2026/08/05;10:45;0,351;Real
2026/08/05;11:00;0,246;Real
2026/08/05;11:15;0,224;Real
2026/08/05;11:30;0,24;Real
2026/08/05;11:45;0,34;Real
2026/08/05;12:00;0,331;Real
2026/08/05;12:15;0,331;Real
2026/08/05;12:30;0,375;Real
2026/08/05;12:45;0,358;Real
2026/08/05;13:00;0,44;Real
2026/08/05;13:15;0,571;Real
2026/08/05;13:30;0,544;Real
2026/08/05;13:45;0,402;Real
2026/08/05;14:00;0,429;Real
2026/08/05;14:15;0,254;Real
2026/08/05;14:30;0,286;Real
2026/08/05;14:45;0,242;Real
2026/08/05;15:00;0,422;Real
2026/08/05;15:15;0,266;Real
2026/08/05;15:30;0,362;Real
2026/08/05;15:45;0,358;Real
2026/08/05;16:00;0,294;Real
2026/08/05;16:15;0,32;Real
2026/08/05;16:30;0,327;Real
2026/08/05;16:45;0,28;Real
2026/08/05;17:00;0,297;Real
2026/08/05;17:15;0,355;Real
2026/08/05;17:30;0,432;Real
2026/08/05;17:45;0,355;Real
2026/08/05;18:00;0,384;Real
2026/08/05;18:15;0,575;Real
2026/08/05;18:30;0,454;Real
2026/08/05;18:45;0,498;Real
2026/08/05;19:00;0,595;Real
2026/08/05;19:15;0,616;Real
2026/08/05;19:30;0,61;Real
2026/08/05;19:45;0,473;Real
2026/08/05;20:00;0,537;Real
2026/08/05;20:15;1,067;Real
2026/08/05;20:30;0,62;Real
2026/08/05;20:45;0,635;Real
2026/08/05;21:00;0,91;Real
2026/08/05;21:15;0,801;Real
2026/08/05;21:30;0,869;Real
2026/08/05;21:45;0,626;Real
2026/08/05;22:00;1,114;Real
2026/08/05;22:15;2,301;Real
2026/08/05;22:30;2,298;Real
2026/08/05;22:45;0,714;Real
2026/08/05;23:00;0,708;Real
2026/08/05;23:15;0,329;Real
2026/08/05;23:30;0,426;Real
2026/08/05;23:45;0,328;Real
2026/08/06;00:00;0,25;Real
2026/08/06;00:15;0,171;Real
2026/08/06;00:30;0,182;Real
2026/08/06;00:45;0,198;Estimado
2026/08/06;01:00;0,192;Real
2026/08/06;01:15;0,165;Real
2026/08/06;01:30;0,122;Real
2026/08/06;01:45;0,15;Real
2026/08/06;02:00;0,138;Real
2026/08/06;02:15;0,135;Real
2026/08/06;02:30;0,131;Real
2026/08/06;02:45;0,121;Real
2026/08/06;03:00;0,156;Real
2026/08/06;03:15;0,102;Real
2026/08/06;03:30;0,129;Real
2026/08/06;03:45;0,115;Real
2026/08/06;04:00;0,128;Real
2026/08/06;04:15;0,111;Real
2026/08/06;04:30;0,148;Real
2026/08/06;04:45;0,145;Real
2026/08/06;05:00;0,131;Real
2026/08/06;05:15;0,117;Real
2026/08/06;05:30;0,104;Real
2026/08/06;05:45;0,169;Real
2026/08/06;06:00;0,114;Estimado
2026/08/06;06:15;0,273;Real
2026/08/06;06:30;0,156;Real
2026/08/06;06:45;0,235;Real
2026/08/06;07:00;0,271;Real
2026/08/06;07:15;0,286;Real
2026/08/06;07:30;0,462;Real
2026/08/06;07:45;0,418;Real
2026/08/06;08:00;0,301;Real
2026/08/06;08:15;0,422;Real
2026/08/06;08:30;0,478;Real
2026/08/06;08:45;0,332;Real
2026/08/06;09:00;0,366;Real
2026/08/06;09:15;0,317;Real
2026/08/06;09:30;0,246;Real
2026/08/06;09:45;0,328;Real
2026/08/06;10:00;0,239;Real
2026/08/06;10:15;0,209;Real
2026/08/06;10:30;0,207;Real
2026/08/06;10:45;0,294;Real
2026/08/06;11:00;0,318;Real
2026/08/06;11:15;0,341;Real
2026/08/06;11:30;0,318;Real
2026/08/06;11:45;0,27;Real
2026/08/06;12:00;0,344;Real
2026/08/06;12:15;0,458;Real
2026/08/06;12:30;0,391;Real
2026/08/06;12:45;0,426;Real
2026/08/06;13:00;0,588;Real
2026/08/06;13:15;0,636;Real
2026/08/06;13:30;0,615;Real
2026/08/06;13:45;0,433;Real
2026/08/06;14:00;0,479;Real
2026/08/06;14:15;0,419;Real
2026/08/06;14:30;0,399;Real
2026/08/06;14:45;0,274;Real
2026/08/06;15:00;0,328;Real
2026/08/06;15:15;0,244;Real
2026/08/06;15:30;0,343;Real
2026/08/06;15:45;0,296;Real
2026/08/06;16:00;0,331;Real
2026/08/06;16:15;0,288;Real
2026/08/06;16:30;0,263;Real
2026/08/06;16:45;0,27;Real
2026/08/06;17:00;0,356;Real
2026/08/06;17:15;0,314;Real
2026/08/06;17:30;0,337;Real
2026/08/06;17:45;0,435;Real
2026/08/06;18:00;0,322;Real
2026/08/06;18:15;0,374;Real
2026/08/06;18:30;0,371;Real
2026/08/06;18:45;0,584;Real
2026/08/06;19:00;0,482;Real
2026/08/06;19:15;0,813;Real
2026/08/06;19:30;0,811;Real
2026/08/06;19:45;0,72;Real
2026/08/06;20:00;0,494;Real
2026/08/06;20:15;1,07;Real
2026/08/06;20:30;0,627;Real
2026/08/06;20:45;0,745;Real
2026/08/06;21:00;0,848;Real
2026/08/06;21:15;0,793;Real
2026/08/06;21:30;0,88;Real
2026/08/06;21:45;1,107;Real
2026/08/06;22:00;0,996;Real
2026/08/06;22:15;2,09;Real
2026/08/06;22:30;2,087;Real
2026/08/06;22:45;0,756;Real
2026/08/06;23:00;0,718;Real
2026/08/06;23:15;0,364;Real
2026/08/06;23:30;0,403;Real
2026/08/06;23:45;0,24;Real
2026/08/07;00:00;0,323;Real
2026/08/07;00:15;0,208;Real
2026/08/07;00:30;0,163;Real
2026/08/07;00:45;0,135;Real
2026/08/07;01:00;0,197;Real
2026/08/07;01:15;2,171;Real
2026/08/07;01:30;0,136;Real
2026/08/07;01:45;0,151;Real
2026/08/07;02:00;0,107;Real
2026/08/07;02:15;0,126;Real
2026/08/07;02:30;0,093;Real
2026/08/07;02:45;0,146;Real
2026/08/07;03:00;0,134;Estimado
2026/08/07;03:15;0,125;Real
2026/08/07;03:30;0,152;Estimado
2026/08/07;03:45;0,134;Real
2026/08/07;04:00;0,107;Real
2026/08/07;04:15;0,132;Real
2026/08/07;04:30;0,156;Real
2026/08/07;04:45;0,14;Real
2026/08/07;05:00;0,148;Real
2026/08/07;05:15;0,11;Real
2026/08/07;05:30;0,137;Real
2026/08/07;05:45;0,121;Real
2026/08/07;06:00;0,146;Real
2026/08/07;06:15;0,216;Real
2026/08/07;06:30;0,211;Real
2026/08/07;06:45;0,265;Real
2026/08/07;07:00;0,239;Real
2026/08/07;07:15;0,446;Real
2026/08/07;07:30;0,302;Real
2026/08/07;07:45;0,463;Real
2026/08/07;08:00;0,446;Real
2026/08/07;08:15;0,506;Real
2026/08/07;08:30;0,315;Real
2026/08/07;08:45;0,313;Real
2026/08/07;09:00;0,344;Real
2026/08/07;09:15;0,274;Real
2026/08/07;09:30;0,246;Real
2026/08/07;09:45;0,409;Real
2026/08/07;10:00;0,422;Real
2026/08/07;10:15;0,202;Real
2026/08/07;10:30;0,22;Estimado
2026/08/07;10:45;0,302;Estimado
2026/08/07;11:00;0,304;Real
2026/08/07;11:15;0,228;Real
2026/08/07;11:30;0,224;Real
2026/08/07;11:45;0,252;Real
2026/08/07;12:00;0,391;Real
2026/08/07;12:15;0,514;Real
2026/08/07;12:30;0,44;Real
2026/08/07;12:45;0,446;Real
2026/08/07;13:00;0,33;Real
2026/08/07;13:15;0,487;Real
2026/08/07;13:30;0,384;Real
2026/08/07;13:45;0,462;Real
2026/08/07;14:00;0,404;Real
2026/08/07;14:15;0,368;Real
2026/08/07;14:30;0,412;Real
2026/08/07;14:45;0,411;Real
2026/08/07;15:00;0,289;Real
2026/08/07;15:15;0,245;Real
2026/08/07;15:30;0,218;Real
2026/08/07;15:45;0,323;Real
2026/08/07;16:00;0,286;Real
2026/08/07;16:15;0,335;Real
2026/08/07;16:30;0,227;Real
2026/08/07;16:45;0,352;Real
2026/08/07;17:00;0,317;Real
2026/08/07;17:15;0,44;Real
2026/08/07;17:30;0,294;Real
2026/08/07;17:45;0,437;Real
2026/08/07;18:00;0,438;Real
2026/08/07;18:15;0,521;Real
2026/08/07;18:30;0,411;Real
2026/08/07;18:45;0,359;Real
2026/08/07;19:00;0,37;Real
2026/08/07;19:15;0,631;Real
2026/08/07;19:30;0,717;Real
2026/08/07;19:45;0,726;Real
2026/08/07;20:00;0,687;Real
2026/08/07;20:15;0,632;Real
2026/08/07;20:30;0,789;Real
2026/08/07;20:45;0,64;Real
2026/08/07;21:00;0,728;Real
2026/08/07;21:15;1,108;Real
2026/08/07;21:30;0,686;Real
2026/08/07;21:45;0,859;Real
2026/08/07;22:00;0,792;Real
2026/08/07;22:15;2,382;Real
2026/08/07;22:30;2,425;Real
2026/08/07;22:45;0,804;Real
2026/08/07;23:00;0,479;Real
2026/08/07;23:15;0,253;Real
2026/08/07;23:30;0,364;Real
2026/08/07;23:45;0,316;Real
2026/08/08;00:00;0,278;Real
2026/08/08;00:15;0,174;Real
2026/08/08;00:30;0,242;Real
2026/08/08;00:45;0,199;Real
2026/08/08;01:00;0,152;Real
2026/08/08;01:15;0,131;Real
2026/08/08;01:30;0,174;Real
2026/08/08;01:45;0,188;Real
2026/08/08;02:00;0,153;Real
2026/08/08;02:15;0,149;Real
2026/08/08;02:30;0,14;Real
2026/08/08;02:45;0,114;Real
2026/08/08;03:00;0,139;Estimado
2026/08/08;03:15;0,097;Real
2026/08/08;03:30;0,143;Real
2026/08/08;03:45;0,137;Real
2026/08/08;04:00;0,124;Real
2026/08/08;04:15;0,112;Real
2026/08/08;04:30;0,145;Real
2026/08/08;04:45;0,145;Real
2026/08/08;05:00;0,146;Real
2026/08/08;05:15;0,163;Real
2026/08/08;05:30;0,115;Real
2026/08/08;05:45;0,169;Real
2026/08/08;06:00;0,177;Real
2026/08/08;06:15;0,199;Real
2026/08/08;06:30;0,189;Real
2026/08/08;06:45;0,16;Real
2026/08/08;07:00;0,129;Real
2026/08/08;07:15;0,314;Real
2026/08/08;07:30;0,227;Real
2026/08/08;07:45;0,245;Real
2026/08/08;08:00;0,176;Real
2026/08/08;08:15;0,304;Real
2026/08/08;08:30;0,346;Real
2026/08/08;08:45;0,456;Real
2026/08/08;09:00;0,479;Real
2026/08/08;09:15;0,403;Real
2026/08/08;09:30;0,681;Real
2026/08/08;09:45;0,514;Real
2026/08/08;10:00;0,585;Real
2026/08/08;10:15;0,625;Real
2026/08/08;10:30;0,705;Real
2026/08/08;10:45;0,764;Real
2026/08/08;11:00;0,66;Real
2026/08/08;11:15;0,633;Real
2026/08/08;11:30;0,644;Real
2026/08/08;11:45;0,666;Real
2026/08/08;12:00;0,64;Real
2026/08/08;12:15;0,71;Real
2026/08/08;12:30;0,596;Real
2026/08/08;12:45;0,631;Real
2026/08/08;13:00;0,803;Real
2026/08/08;13:15;0,804;Real
2026/08/08;13:30;0,501;Estimado
2026/08/08;13:45;0,575;Real
2026/08/08;14:00;0,622;Real
2026/08/08;14:15;0,529;Real
2026/08/08;14:30;0,675;Real
2026/08/08;14:45;0,579;Real
2026/08/08;15:00;0,544;Real
2026/08/08;15:15;0,401;Real
2026/08/08;15:30;0,475;Real
2026/08/08;15:45;0,549;Real
2026/08/08;16:00;0,6;Estimado
2026/08/08;16:15;0,466;Real
2026/08/08;16:30;0,44;Real
2026/08/08;16:45;0,435;Real
2026/08/08;17:00;0,345;Real
2026/08/08;17:15;0,324;Real
2026/08/08;17:30;0,35;Real
2026/08/08;17:45;0,513;Real
2026/08/08;18:00;0,512;Real
2026/08/08;18:15;0,435;Real
2026/08/08;18:30;0,388;Real
2026/08/08;18:45;0,447;Real
2026/08/08;19:00;0,371;Real
2026/08/08;19:15;0,579;Real
2026/08/08;19:30;0,512;Real
2026/08/08;19:45;0,761;Real
2026/08/08;20:00;0,474;Estimado
2026/08/08;20:15;0,971;Real
2026/08/08;20:30;0,998;Real
2026/08/08;20:45;0,917;Real
2026/08/08;21:00;0,885;Real
2026/08/08;21:15;0,744;Real
2026/08/08;21:30;0,927;Real
2026/08/08;21:45;0,614;Real
2026/08/08;22:00;0,592;Real
2026/08/08;22:15;0,746;Real
2026/08/08;22:30;0,59;Real
2026/08/08;22:45;0,479;Real
2026/08/08;23:00;0,574;Real
2026/08/08;23:15;0,376;Real
2026/08/08;23:30;0,418;Real
2026/08/08;23:45;0,289;Real
2026/08/09;00:00;0,312;Real
2026/08/09;00:15;0,249;Real
2026/08/09;00:30;0,157;Real
2026/08/09;00:45;0,186;Real
2026/08/09;01:00;0,202;Real
2026/08/09;01:15;0,151;Estimado
2026/08/09;01:30;0,151;Real
2026/08/09;01:45;0,196;Real
2026/08/09;02:00;0,125;Real
2026/08/09;02:15;0,096;Real
2026/08/09;02:30;0,107;Real
2026/08/09;02:45;0,139;Real
2026/08/09;03:00;0,1;Real
2026/08/09;03:15;0,135;Real
2026/08/09;03:30;0,144;Estimado
2026/08/09;03:45;0,148;Real
2026/08/09;04:00;0,118;Real
2026/08/09;04:15;0,14;Real
2026/08/09;04:30;0,136;Real
2026/08/09;04:45;0,109;Real
2026/08/09;05:00;0,152;Real
2026/08/09;05:15;0,109;Real
2026/08/09;05:30;0,147;Real
2026/08/09;05:45;0,121;Real
2026/08/09;06:00;0,163;Real
2026/08/09;06:15;0,189;Real
2026/08/09;06:30;0,191;Real
2026/08/09;06:45;0,149;Real
2026/08/09;07:00;0,208;Real
2026/08/09;07:15;0,284;Real
2026/08/09;07:30;0,225;Real
2026/08/09;07:45;0,222;Real
2026/08/09;08:00;0,313;Real
2026/08/09;08:15;0,298;Real
2026/08/09;08:30;0,324;Real
2026/08/09;08:45;0,516;Real
2026/08/09;09:00;0,399;Real
2026/08/09;09:15;0,511;Real
2026/08/09;09:30;0,388;Real
2026/08/09;09:45;0,432;Real
2026/08/09;10:00;0,416;Real
2026/08/09;10:15;0,703;Real
2026/08/09;10:30;0,643;Real
2026/08/09;10:45;0,717;Real
2026/08/09;11:00;0,569;Real
2026/08/09;11:15;0,729;Real
2026/08/09;11:30;0,702;Real
2026/08/09;11:45;0,613;Real
2026/08/09;12:00;0,503;Real
2026/08/09;12:15;0,589;Real
2026/08/09;12:30;0,614;Estimado
2026/08/09;12:45;0,532;Real
2026/08/09;13:00;0,775;Real
2026/08/09;13:15;0,544;Estimado
2026/08/09;13:30;0,89;Real
2026/08/09;13:45;0,725;Estimado
2026/08/09;14:00;0,684;Real
2026/08/09;14:15;0,426;Real
2026/08/09;14:30;0,423;Real
2026/08/09;14:45;0,552;Real
2026/08/09;15:00;0,467;Real
2026/08/09;15:15;0,529;Real
2026/08/09;15:30;0,506;Real
2026/08/09;15:45;0,381;Real
2026/08/09;16:00;0,53;Real
2026/08/09;16:15;0,51;Real
2026/08/09;16:30;0,507;Real
2026/08/09;16:45;0,517;Real
2026/08/09;17:00;0,515;Real
2026/08/09;17:15;0,343;Real
2026/08/09;17:30;0,375;Real
2026/08/09;17:45;0,404;Real
2026/08/09;18:00;0,349;Real
2026/08/09;18:15;0,553;Real
2026/08/09;18:30;0,597;Real
2026/08/09;18:45;0,367;Real
2026/08/09;19:00;0,523;Real
2026/08/09;19:15;0,783;Real
2026/08/09;19:30;0,54;Real
2026/08/09;19:45;0,564;Real
2026/08/09;20:00;0,685;Real
2026/08/09;20:15;0,805;Real
2026/08/09;20:30;2,396;Real
2026/08/09;20:45;0,562;Real
2026/08/09;21:00;0,955;Real
2026/08/09;21:15;0,98;Real
2026/08/09;21:30;0,573;Real
2026/08/09;21:45;1,018;Real
2026/08/09;22:00;0,888;Real
2026/08/09;22:15;0,45;Real
2026/08/09;22:30;0,616;Real
2026/08/09;22:45;0,475;Real
2026/08/09;23:00;0,686;Real
2026/08/09;23:15;0,354;Real
2026/08/09;23:30;0,415;Real
2026/08/09;23:45;0,44;Real
2026/08/10;00:00;0,244;Real
2026/08/10;00:15;0,135;Real
2026/08/10;00:30;0,21;Real
2026/08/10;00:45;0,149;Real
2026/08/10;01:00;0,169;Real
2026/08/10;01:15;0,109;Real
2026/08/10;01:30;0,115;Real
2026/08/10;01:45;0,119;Real
2026/08/10;02:00;0,164;Real
2026/08/10;02:15;0,128;Real
2026/08/10;02:30;0,11;Real
2026/08/10;02:45;0,093;Real
2026/08/10;03:00;0,104;Real
2026/08/10;03:15;0,092;Real
2026/08/10;03:30;0,088;Real
2026/08/10;03:45;0,13;Real
2026/08/10;04:00;0,088;Real
2026/08/10;04:15;0,122;Real
2026/08/10;04:30;0,109;Real
2026/08/10;04:45;0,156;Real
2026/08/10;05:00;0,101;Real
2026/08/10;05:15;0,156;Real
2026/08/10;05:30;0,127;Real
2026/08/10;05:45;0,144;Real
2026/08/10;06:00;0,176;Real
2026/08/10;06:15;0,234;Real
2026/08/10;06:30;0,272;Real
2026/08/10;06:45;0,154;Real
2026/08/10;07:00;0,222;Real
2026/08/10;07:15;0,389;Real
2026/08/10;07:30;0,378;Real
2026/08/10;07:45;0,387;Real
2026/08/10;08:00;0,464;Real
2026/08/10;08:15;0,357;Real
2026/08/10;08:30;0,475;Real
2026/08/10;08:45;0,375;Real
2026/08/10;09:00;0,441;Real
2026/08/10;09:15;0,343;Real
2026/08/10;09:30;0,408;Real
2026/08/10;09:45;0,262;Real
2026/08/10;10:00;0,403;Real
2026/08/10;10:15;0,284;Real
2026/08/10;10:30;0,225;Real
2026/08/10;10:45;0,219;Real
2026/08/10;11:00;0,335;Real
2026/08/10;11:15;0,335;Real
2026/08/10;11:30;0,372;Real
2026/08/10;11:45;0,302;Real
2026/08/10;12:00;0,26;Real
2026/08/10;12:15;0,577;Real
2026/08/10;12:30;0,447;Real
2026/08/10;12:45;0,403;Real
2026/08/10;13:00;0,574;Real
2026/08/10;13:15;0,427;Real
2026/08/10;13:30;0,622;Real
2026/08/10;13:45;0,352;Real
2026/08/10;14:00;0,446;Real
2026/08/10;14:15;0,255;Real
2026/08/10;14:30;0,307;Real
2026/08/10;14:45;0,438;Real
2026/08/10;15:00;0,397;Real
2026/08/10;15:15;0,281;Real
2026/08/10;15:30;0,199;Real
2026/08/10;15:45;0,246;Real
2026/08/10;16:00;0,286;Estimado
2026/08/10;16:15;0,316;Real
2026/08/10;16:30;0,274;Real
2026/08/10;16:45;0,311;Real
2026/08/10;17:00;0,258;Real
2026/08/10;17:15;0,26;Real
2026/08/10;17:30;0,389;Real
2026/08/10;17:45;0,343;Real
2026/08/10;18:00;0,341;Real
2026/08/10;18:15;0,56;Real
2026/08/10;18:30;0,348;Real
2026/08/10;18:45;0,446;Real
2026/08/10;19:00;0,355;Real
2026/08/10;19:15;0,516;Real
2026/08/10;19:30;0,841;Real
2026/08/10;19:45;0,838;Real
2026/08/10;20:00;0,685;Real
2026/08/10;20:15;0,81;Real
2026/08/10;20:30;1,031;Real
2026/08/10;20:45;0,718;Real
2026/08/10;21:00;0,791;Real
2026/08/10;21:15;1,099;Real
2026/08/10;21:30;0,937;Real
2026/08/10;21:45;0,933;Real
2026/08/10;22:00;0,704;Real
2026/08/10;22:15;0,635;Real
2026/08/10;22:30;0,505;Real
2026/08/10;22:45;0,668;Real
2026/08/10;23:00;0,803;Real
2026/08/10;23:15;0,413;Real
2026/08/10;23:30;0,258;Real
2026/08/10;23:45;0,415;Real
2026/08/11;00:00;0,292;Real
2026/08/11;00:15;0,246;Real
2026/08/11;00:30;0,217;Real
2026/08/11;00:45;0,238;Real
2026/08/11;01:00;0,22;Real
2026/08/11;01:15;0,153;Real
2026/08/11;01:30;0,126;Real
2026/08/11;01:45;0,196;Real
2026/08/11;02:00;0,115;Real
2026/08/11;02:15;0,142;Real
2026/08/11;02:30;0,159;Real
2026/08/11;02:45;0,184;Real
2026/08/11;03:00;0,141;Real
2026/08/11;03:15;0,152;Real
2026/08/11;03:30;0,174;Real
2026/08/11;03:45;0,169;Real
2026/08/11;04:00;0,168;Real
2026/08/11;04:15;0,178;Real
2026/08/11;04:30;0,121;Real
2026/08/11;04:45;0,154;Real
2026/08/11;05:00;0,137;Real
2026/08/11;05:15;0,127;Real
2026/08/11;05:30;0,116;Real
2026/08/11;05:45;0,19;Real
2026/08/11;06:00;0,189;Real
2026/08/11;06:15;0,229;Real
2026/08/11;06:30;0,267;Real
2026/08/11;06:45;0,264;Real
2026/08/11;07:00;0,223;Real
2026/08/11;07:15;0,554;Real
2026/08/11;07:30;0,363;Real
2026/08/11;07:45;0,38;Real
2026/08/11;08:00;0,341;Real
2026/08/11;08:15;0,622;Real
2026/08/11;08:30;0,399;Real
2026/08/11;08:45;0,441;Real
2026/08/11;09:00;0,638;Real
2026/08/11;09:15;0,478;Real
2026/08/11;09:30;0,469;Real
2026/08/11;09:45;0,324;Real
2026/08/11;10:00;0,384;Real
2026/08/11;10:15;0,308;Real
2026/08/11;10:30;0,431;Real
2026/08/11;10:45;0,33;Real
2026/08/11;11:00;0,382;Real
2026/08/11;11:15;0,286;Real
2026/08/11;11:30;0,36;Real
2026/08/11;11:45;0,281;Real
2026/08/11;12:00;0,339;Real
2026/08/11;12:15;0,712;Real
2026/08/11;12:30;0,679;Real
2026/08/11;12:45;0,657;Real
2026/08/11;13:00;0,717;Real
2026/08/11;13:15;0,69;Real
2026/08/11;13:30;0,473;Real
2026/08/11;13:45;0,684;Real
2026/08/11;14:00;0,612;Real
2026/08/11;14:15;0,442;Real
2026/08/11;14:30;0,394;Real
2026/08/11;14:45;0,355;Real
2026/08/11;15:00;0,314;Real
2026/08/11;15:15;0,314;Real
2026/08/11;15:30;0,27;Real
2026/08/11;15:45;0,31;Real
2026/08/11;16:00;0,245;Real
2026/08/11;16:15;0,287;Real
2026/08/11;16:30;0,338;Real
2026/08/11;16:45;0,341;Estimado
2026/08/11;17:00;0,244;Real
2026/08/11;17:15;0,436;Real
2026/08/11;17:30;0,35;Real
2026/08/11;17:45;0,382;Real
2026/08/11;18:00;0,286;Real
2026/08/11;18:15;0,529;Real
2026/08/11;18:30;0,658;Real
2026/08/11;18:45;0,584;Real
2026/08/11;19:00;0,422;Real
2026/08/11;19:15;0,734;Real
2026/08/11;19:30;0,622;Real
2026/08/11;19:45;0,904;Real
2026/08/11;20:00;0,893;Real
2026/08/11;20:15;1,138;Real
2026/08/11;20:30;0,896;Real
2026/08/11;20:45;1,028;Real
2026/08/11;21:00;0,83;Real
2026/08/11;21:15;1,141;Real
2026/08/11;21:30;1,322;Real
2026/08/11;21:45;1,209;Real
2026/08/11;22:00;1,218;Real
2026/08/11;22:15;2,148;Real
2026/08/11;22:30;0,787;Real
2026/08/11;22:45;0,848;Real
2026/08/11;23:00;0,653;Real
2026/08/11;23:15;0,358;Real
2026/08/11;23:30;0,51;Real
2026/08/11;23:45;0,289;Real
2026/08/12;00:00;0,365;Real
2026/08/12;00:15;0,284;Real
2026/08/12;00:30;0,206;Real
2026/08/12;00:45;0,285;Real
2026/08/12;01:00;0,213;Real
2026/08/12;01:15;2,132;Real
2026/08/12;01:30;0,186;Real
2026/08/12;01:45;0,122;Real
2026/08/12;02:00;0,17;Real
2026/08/12;02:15;0,133;Real
2026/08/12;02:30;0,178;Real
2026/08/12;02:45;0,18;Real
2026/08/12;03:00;0,135;Real
2026/08/12;03:15;0,126;Real
2026/08/12;03:30;0,158;Real
2026/08/12;03:45;0,114;Real
2026/08/12;04:00;0,169;Real
2026/08/12;04:15;0,164;Real
2026/08/12;04:30;0,111;Real
2026/08/12;04:45;0,146;Real
2026/08/12;05:00;0,185;Real
2026/08/12;05:15;0,163;Real
2026/08/12;05:30;0,144;Real
2026/08/12;05:45;0,126;Real
2026/08/12;06:00;0,208;Real
2026/08/12;06:15;0,268;Real
2026/08/12;06:30;0,197;Real
2026/08/12;06:45;0,284;Real
2026/08/12;07:00;0,301;Real
2026/08/12;07:15;0,551;Real
2026/08/12;07:30;0,321;Real
2026/08/12;07:45;0,527;Real
2026/08/12;08:00;0,316;Real
2026/08/12;08:15;0,6;Real
2026/08/12;08:30;0,642;Real
2026/08/12;08:45;0,662;Real
2026/08/12;09:00;0,429;Real
2026/08/12;09:15;0,321;Real
2026/08/12;09:30;0,34;Real
2026/08/12;09:45;0,332;Real
2026/08/12;10:00;0,419;Real
2026/08/12;10:15;0,34;Real
2026/08/12;10:30;0,391;Real
2026/08/12;10:45;0,36;Real
2026/08/12;11:00;0,308;Real
2026/08/12;11:15;0,463;Real
2026/08/12;11:30;0,312;Real
2026/08/12;11:45;0,323;Real
2026/08/12;12:00;0,335;Real
2026/08/12;12:15;0,519;Real
2026/08/12;12:30;0,691;Real
2026/08/12;12:45;0,543;Real
2026/08/12;13:00;0,416;Real
2026/08/12;13:15;0,654;Real
2026/08/12;13:30;0,695;Real
2026/08/12;13:45;0,698;Real
2026/08/12;14:00;0,703;Real
2026/08/12;14:15;0,529;Real
2026/08/12;14:30;0,325;Real
2026/08/12;14:45;0,302;Estimado
2026/08/12;15:00;0,46;Real
2026/08/12;15:15;0,28;Real
2026/08/12;15:30;0,291;Real
2026/08/12;15:45;0,391;Real
2026/08/12;16:00;0,353;Real
2026/08/12;16:15;0,429;Real
2026/08/12;16:30;0,401;Real
2026/08/12;16:45;0,426;Real
2026/08/12;17:00;0,37;Real
2026/08/12;17:15;0,396;Real
2026/08/12;17:30;0,327;Real
2026/08/12;17:45;0,317;Real
2026/08/12;18:00;0,307;Real
2026/08/12;18:15;0,596;Real
2026/08/12;18:30;0,684;Real
2026/08/12;18:45;0,647;Real
2026/08/12;19:00;0,533;Real
2026/08/12;19:15;0,962;Real
2026/08/12;19:30;0,865;Real
2026/08/12;19:45;0,993;Real
2026/08/12;20:00;0,722;Real
2026/08/12;20:15;1,134;Real
2026/08/12;20:30;2,817;Real
2026/08/12;20:45;0,914;Real
2026/08/12;21:00;0,73;Real
2026/08/12;21:15;1,096;Real
2026/08/12;21:30;1,061;Real
2026/08/12;21:45;1,228;Real
2026/08/12;22:00;1,225;Real
2026/08/12;22:15;0,595;Real
2026/08/12;22:30;0,716;Real
2026/08/12;22:45;0,549;Real
2026/08/12;23:00;0,659;Real
2026/08/12;23:15;0,297;Real
2026/08/12;23:30;0,32;Real
2026/08/12;23:45;0,506;Real
2026/08/13;00:00;0,32;Real
2026/08/13;00:15;0,289;Estimado
2026/08/13;00:30;0,254;Real
2026/08/13;00:45;0,2;Real
2026/08/13;01:00;0,263;Real
2026/08/13;01:15;0,209;Real
2026/08/13;01:30;0,128;Real
2026/08/13;01:45;0,157;Real
2026/08/13;02:00;0,207;Real
2026/08/13;02:15;0,169;Real
2026/08/13;02:30;0,182;Real
2026/08/13;02:45;0,151;Real
2026/08/13;03:00;0,154;Real
2026/08/13;03:15;0,112;Real
2026/08/13;03:30;0,149;Real
2026/08/13;03:45;0,178;Real
2026/08/13;04:00;0,167;Real
2026/08/13;04:15;0,171;Real
2026/08/13;04:30;0,153;Real
2026/08/13;04:45;0,124;Real
2026/08/13;05:00;0,138;Real
2026/08/13;05:15;0,134;Real
2026/08/13;05:30;0,148;Real
2026/08/13;05:45;0,131;Real
2026/08/13;06:00;0,163;Real
2026/08/13;06:15;0,202;Real
2026/08/13;06:30;0,263;Real
2026/08/13;06:45;0,2;Real
2026/08/13;07:00;0,281;Real
2026/08/13;07:15;0,331;Real
2026/08/13;07:30;0,462;Real
2026/08/13;07:45;0,533;Real
2026/08/13;08:00;0,446;Real
2026/08/13;08:15;0,445;Real
2026/08/13;08:30;0,511;Real
2026/08/13;08:45;0,53;Real
2026/08/13;09:00;0,65;Real
2026/08/13;09:15;0,346;Real
2026/08/13;09:30;0,411;Real
2026/08/13;09:45;0,35;Real
2026/08/13;10:00;0,304;Real
2026/08/13;10:15;0,352;Real
2026/08/13;10:30;0,332;Real
2026/08/13;10:45;0,431;Real
2026/08/13;11:00;0,432;Real
2026/08/13;11:15;0,474;Real
2026/08/13;11:30;0,396;Estimado
2026/08/13;11:45;0,458;Real
2026/08/13;12:00;0,32;Real
2026/08/13;12:15;0,609;Real
2026/08/13;12:30;0,724;Real
2026/08/13;12:45;0,655;Real
2026/08/13;13:00;0,711;Real
2026/08/13;13:15;0,674;Real
2026/08/13;13:30;0,768;Real
2026/08/13;13:45;0,696;Real
2026/08/13;14:00;0,596;Real
2026/08/13;14:15;0,497;Real
2026/08/13;14:30;0,436;Real
2026/08/13;14:45;0,293;Real
2026/08/13;15:00;0,503;Real
2026/08/13;15:15;0,352;Real
2026/08/13;15:30;0,422;Real
2026/08/13;15:45;0,43;Real
2026/08/13;16:00;0,396;Real
2026/08/13;16:15;0,253;Real
2026/08/13;16:30;0,387;Real
2026/08/13;16:45;0,312;Real
2026/08/13;17:00;0,325;Real
2026/08/13;17:15;0,509;Real
2026/08/13;17:30;0,508;Real
2026/08/13;17:45;0,424;Real
2026/08/13;18:00;0,525;Real
2026/08/13;18:15;0,523;Real
2026/08/13;18:30;0,656;Real
2026/08/13;18:45;0,673;Real
2026/08/13;19:00;0,5;Real
2026/08/13;19:15;0,609;Real
2026/08/13;19:30;0,849;Real
2026/08/13;19:45;0,718;Real
2026/08/13;20:00;0,697;Real
2026/08/13;20:15;0,757;Real
2026/08/13;20:30;3,071;Real
2026/08/13;20:45;0,759;Real
2026/08/13;21:00;1,083;Real
2026/08/13;21:15;1,288;Real
2026/08/13;21:30;1,265;Real
2026/08/13;21:45;1,296;Real
2026/08/13;22:00;1,002;Real
2026/08/13;22:15;2,407;Real
2026/08/13;22:30;0,98;Real
2026/08/13;22:45;0,927;Real
2026/08/13;23:00;0,721;Real
2026/08/13;23:15;0,377;Real
2026/08/13;23:30;0,396;Real
2026/08/13;23:45;0,309;Real
2026/08/14;00:00;0,497;Real
2026/08/14;00:15;0,24;Real
2026/08/14;00:30;0,191;Real
2026/08/14;00:45;0,277;Real
2026/08/14;01:00;0,207;Real
2026/08/14;01:15;2,15;Real
2026/08/14;01:30;0,153;Real
2026/08/14;01:45;0,194;Real
2026/08/14;02:00;0,159;Real
2026/08/14;02:15;0,182;Real
2026/08/14;02:30;0,136;Real
2026/08/14;02:45;0,19;Real
2026/08/14;03:00;0,127;Real
2026/08/14;03:15;0,154;Real
2026/08/14;03:30;0,192;Real
2026/08/14;03:45;0,108;Real
2026/08/14;04:00;0,178;Real
2026/08/14;04:15;0,138;Real
2026/08/14;04:30;0,125;Real
2026/08/14;04:45;0,181;Real
2026/08/14;05:00;0,181;Real
2026/08/14;05:15;0,123;Real
2026/08/14;05:30;0,208;Real
2026/08/14;05:45;0,199;Real
2026/08/14;06:00;0,172;Real
2026/08/14;06:15;0,259;Real
2026/08/14;06:30;0,275;Real
2026/08/14;06:45;0,223;Real
2026/08/14;07:00;0,332;Real
2026/08/14;07:15;0,347;Real
2026/08/14;07:30;0,377;Real
2026/08/14;07:45;0,332;Real
2026/08/14;08:00;0,497;Real
2026/08/14;08:15;0,479;Real
2026/08/14;08:30;0,501;Real
2026/08/14;08:45;0,511;Real
2026/08/14;09:00;0,455;Real
2026/08/14;09:15;0,503;Real
2026/08/14;09:30;0,451;Real
2026/08/14;09:45;0,384;Real
2026/08/14;10:00;0,443;Estimado
2026/08/14;10:15;0,427;Real
2026/08/14;10:30;0,307;Real
2026/08/14;10:45;0,326;Real
2026/08/14;11:00;0,317;Real
2026/08/14;11:15;0,313;Real
2026/08/14;11:30;0,306;Real
2026/08/14;11:45;0,268;Real
2026/08/14;12:00;0,472;Real
2026/08/14;12:15;0,676;Real
2026/08/14;12:30;0,624;Real
2026/08/14;12:45;0,654;Real
2026/08/14;13:00;0,396;Real
2026/08/14;13:15;0,744;Real
2026/08/14;13:30;0,578;Real
2026/08/14;13:45;0,711;Real
2026/08/14;14:00;0,659;Real
2026/08/14;14:15;0,453;Real
2026/08/14;14:30;0,515;Real
2026/08/14;14:45;0,478;Real
2026/08/14;15:00;0,53;Real
2026/08/14;15:15;0,296;Real
2026/08/14;15:30;0,378;Real
2026/08/14;15:45;0,369;Real
2026/08/14;16:00;0,308;Real
2026/08/14;16:15;0,35;Real
2026/08/14;16:30;0,311;Real
2026/08/14;16:45;0,315;Real
2026/08/14;17:00;0,268;Real
2026/08/14;17:15;0,365;Real
2026/08/14;17:30;0,403;Real
2026/08/14;17:45;0,404;Real
2026/08/14;18:00;0,332;Real
2026/08/14;18:15;0,398;Real
2026/08/14;18:30;0,485;Real
2026/08/14;18:45;0,571;Real
2026/08/14;19:00;0,714;Real
2026/08/14;19:15;0,978;Real
2026/08/14;19:30;0,564;Real
2026/08/14;19:45;0,833;Real
2026/08/14;20:00;0,613;Real
2026/08/14;20:15;1,208;Real
2026/08/14;20:30;0,769;Real
2026/08/14;20:45;1,25;Real
2026/08/14;21:00;0,706;Real
2026/08/14;21:15;1,141;Real
2026/08/14;21:30;1,277;Real
2026/08/14;21:45;1,122;Real
2026/08/14;22:00;1,231;Real
2026/08/14;22:15;2,551;Real
2026/08/14;22:30;2,398;Real
2026/08/14;22:45;0,61;Real
2026/08/14;23:00;0,995;Real
2026/08/14;23:15;0,47;Real
2026/08/14;23:30;0,517;Real
2026/08/14;23:45;0,376;Real
2026/08/15;00:00;0,415;Real
2026/08/15;00:15;0,222;Estimado
2026/08/15;00:30;0,251;Real
2026/08/15;00:45;0,185;Real
2026/08/15;01:00;0,317;Real
2026/08/15;01:15;0,219;Real
2026/08/15;01:30;0,237;Real
2026/08/15;01:45;0,192;Real
2026/08/15;02:00;0,159;Real
2026/08/15;02:15;0,15;Real
2026/08/15;02:30;0,122;Real
2026/08/15;02:45;0,18;Real
2026/08/15;03:00;0,161;Real
2026/08/15;03:15;0,13;Real
2026/08/15;03:30;0,152;Real
2026/08/15;03:45;0,127;Real
2026/08/15;04:00;0,155;Real
2026/08/15;04:15;0,125;Real
2026/08/15;04:30;0,165;Real
2026/08/15;04:45;0,111;Real
2026/08/15;05:00;0,151;Real
2026/08/15;05:15;0,139;Real
2026/08/15;05:30;0,213;Real
2026/08/15;05:45;0,199;Real
2026/08/15;06:00;0,147;Real
2026/08/15;06:15;0,252;Real
2026/08/15;06:30;0,247;Real
2026/08/15;06:45;0,226;Real
2026/08/15;07:00;0,243;Real
2026/08/15;07:15;0,286;Real
2026/08/15;07:30;0,328;Real
2026/08/15;07:45;0,308;Real
2026/08/15;08:00;0,245;Real
2026/08/15;08:15;0,519;Real
2026/08/15;08:30;0,537;Real
2026/08/15;08:45;0,51;Real
2026/08/15;09:00;0,522;Real
2026/08/15;09:15;0,659;Real
2026/08/15;09:30;0,498;Real
2026/08/15;09:45;0,595;Real
2026/08/15;10:00;0,572;Real
2026/08/15;10:15;0,753;Real
2026/08/15;10:30;0,669;Real
2026/08/15;10:45;0,579;Real
2026/08/15;11:00;0,566;Real
2026/08/15;11:15;0,877;Real
2026/08/15;11:30;0,788;Real
2026/08/15;11:45;0,527;Real
2026/08/15;12:00;0,958;Real
2026/08/15;12:15;0,774;Real
2026/08/15;12:30;0,71;Real
2026/08/15;12:45;0,583;Real
2026/08/15;13:00;0,706;Real
2026/08/15;13:15;1,09;Estimado
2026/08/15;13:30;0,9;Real
2026/08/15;13:45;1,083;Real
2026/08/15;14:00;1,073;Estimado
2026/08/15;14:15;0,681;Real
2026/08/15;14:30;0,682;Real
2026/08/15;14:45;0,523;Real
2026/08/15;15:00;0,806;Estimado
2026/08/15;15:15;0,602;Real
2026/08/15;15:30;0,522;Real
2026/08/15;15:45;0,445;Real
2026/08/15;16:00;0,5;Real
2026/08/15;16:15;0,365;Real
2026/08/15;16:30;0,357;Real
2026/08/15;16:45;0,416;Real
2026/08/15;17:00;0,509;Estimado
2026/08/15;17:15;0,486;Real
2026/08/15;17:30;0,477;Real
2026/08/15;17:45;0,347;Real
2026/08/15;18:00;0,449;Real
2026/08/15;18:15;0,717;Real
2026/08/15;18:30;0,583;Real
2026/08/15;18:45;0,448;Real
2026/08/15;19:00;0,421;Real
2026/08/15;19:15;0,828;Real
2026/08/15;19:30;0,564;Real
2026/08/15;19:45;0,884;Real
2026/08/15;20:00;0,81;Real
2026/08/15;20:15;1,008;Real
2026/08/15;20:30;2,587;Real
2026/08/15;20:45;1,058;Real
2026/08/15;21:00;1,16;Real
2026/08/15;21:15;0,898;Real
2026/08/15;21:30;0,951;Real
2026/08/15;21:45;1,174;Real
2026/08/15;22:00;0,955;Real
2026/08/15;22:15;0,965;Real
2026/08/15;22:30;0,827;Real
2026/08/15;22:45;0,858;Real
2026/08/15;23:00;0,824;Real
2026/08/15;23:15;0,446;Real
2026/08/15;23:30;0,412;Real
2026/08/15;23:45;0,437;Real
2026/08/16;00:00;0,305;Real
2026/08/16;00:15;0,304;Real
2026/08/16;00:30;0,194;Real
2026/08/16;00:45;0,321;Real
2026/08/16;01:00;0,237;Real
2026/08/16;01:15;0,213;Real
2026/08/16;01:30;0,154;Real
2026/08/16;01:45;0,205;Real
2026/08/16;02:00;0,239;Real
2026/08/16;02:15;0,187;Real
2026/08/16;02:30;0,121;Real
2026/08/16;02:45;0,165;Real
2026/08/16;03:00;0,139;Real
2026/08/16;03:15;0,151;Real
2026/08/16;03:30;0,131;Real
2026/08/16;03:45;0,135;Real
2026/08/16;04:00;0,157;Estimado
2026/08/16;04:15;0,177;Real
2026/08/16;04:30;0,129;Real
2026/08/16;04:45;0,15;Real
2026/08/16;05:00;0,153;Real
2026/08/16;05:15;0,168;Estimado
2026/08/16;05:30;0,162;Real
2026/08/16;05:45;0,178;Real
2026/08/16;06:00;0,159;Real
2026/08/16;06:15;0,22;Real
2026/08/16;06:30;0,239;Real
2026/08/16;06:45;0,268;Real
2026/08/16;07:00;0,247;Real
2026/08/16;07:15;0,288;Real
2026/08/16;07:30;0,268;Real
2026/08/16;07:45;0,377;Real
2026/08/16;08:00;0,351;Real
2026/08/16;08:15;0,556;Real
2026/08/16;08:30;0,487;Estimado
2026/08/16;08:45;0,468;Real
2026/08/16;09:00;0,423;Real
2026/08/16;09:15;0,523;Real
2026/08/16;09:30;0,621;Real
2026/08/16;09:45;0,555;Real
2026/08/16;10:00;0,794;Real
2026/08/16;10:15;0,759;Real
2026/08/16;10:30;0,693;Real
2026/08/16;10:45;0,539;Real
2026/08/16;11:00;0,732;Real
2026/08/16;11:15;0,699;Real
2026/08/16;11:30;0,83;Real
2026/08/16;11:45;0,532;Real
2026/08/16;12:00;0,903;Real
2026/08/16;12:15;0,69;Real
2026/08/16;12:30;1,038;Real
2026/08/16;12:45;0,891;Real
2026/08/16;13:00;0,697;Real
2026/08/16;13:15;1,073;Real
2026/08/16;13:30;0,726;Real
2026/08/16;13:45;0,619;Real
2026/08/16;14:00;0,646;Real
2026/08/16;14:15;0,516;Real
2026/08/16;14:30;0,685;Real
2026/08/16;14:45;0,496;Real
2026/08/16;15:00;0,506;Real
2026/08/16;15:15;0,406;Real
2026/08/16;15:30;0,571;Real
2026/08/16;15:45;0,694;Real
2026/08/16;16:00;0,49;Real
2026/08/16;16:15;0,351;Real
2026/08/16;16:30;0,394;Real
2026/08/16;16:45;0,374;Real
2026/08/16;17:00;0,473;Real
2026/08/16;17:15;0,388;Real
2026/08/16;17:30;0,6;Real
2026/08/16;17:45;0,588;Real
2026/08/16;18:00;0,356;Estimado
2026/08/16;18:15;0,65;Real
2026/08/16;18:30;0,424;Real
2026/08/16;18:45;0,68;Real
2026/08/16;19:00;0,458;Real
2026/08/16;19:15;0,848;Real
2026/08/16;19:30;0,702;Real
2026/08/16;19:45;0,639;Real
2026/08/16;20:00;0,879;Real
2026/08/16;20:15;0,743;Real
2026/08/16;20:30;0,812;Real
2026/08/16;20:45;0,747;Real
2026/08/16;21:00;0,951;Real
2026/08/16;21:15;0,791;Real
2026/08/16;21:30;1,197;Real
2026/08/16;21:45;1,135;Real
2026/08/16;22:00;1,228;Real
2026/08/16;22:15;0,748;Real
2026/08/16;22:30;0,675;Real
2026/08/16;22:45;0,578;Real
2026/08/16;23:00;0,579;Real
2026/08/16;23:15;0,365;Real
2026/08/16;23:30;0,485;Real
2026/08/16;23:45;0,341;Real
2026/08/17;00:00;0,447;Real
2026/08/17;00:15;0,256;Real
2026/08/17;00:30;0,252;Real
2026/08/17;00:45;0,186;Real
2026/08/17;01:00;0,276;Real
2026/08/17;01:15;0,208;Real
2026/08/17;01:30;0,131;Real
2026/08/17;01:45;0,172;Real
2026/08/17;02:00;0,21;Real
2026/08/17;02:15;0,116;Real
2026/08/17;02:30;0,12;Real
2026/08/17;02:45;0,184;Real
2026/08/17;03:00;0,121;Real
2026/08/17;03:15;0,118;Real
2026/08/17;03:30;0,137;Real
2026/08/17;03:45;0,132;Real
2026/08/17;04:00;0,168;Real
2026/08/17;04:15;0,11;Real
2026/08/17;04:30;0,157;Real
2026/08/17;04:45;0,117;Real
2026/08/17;05:00;0,128;Real
2026/08/17;05:15;0,198;Real
2026/08/17;05:30;0,138;Real
2026/08/17;05:45;0,127;Real
2026/08/17;06:00;0,127;Real
2026/08/17;06:15;0,256;Real
2026/08/17;06:30;0,27;Real
2026/08/17;06:45;0,257;Real
2026/08/17;07:00;0,21;Real
2026/08/17;07:15;0,567;Real
2026/08/17;07:30;0,34;Real
2026/08/17;07:45;0,371;Real
2026/08/17;08:00;0,353;Real
2026/08/17;08:15;0,381;Real
2026/08/17;08:30;0,554;Estimado
2026/08/17;08:45;0,43;Real
2026/08/17;09:00;0,461;Real
2026/08/17;09:15;0,433;Real
2026/08/17;09:30;0,373;Real
2026/08/17;09:45;0,402;Real
2026/08/17;10:00;0,368;Real
2026/08/17;10:15;0,314;Real
2026/08/17;10:30;0,373;Real
2026/08/17;10:45;0,319;Real
2026/08/17;11:00;0,268;Real
2026/08/17;11:15;0,379;Real
2026/08/17;11:30;0,304;Real
2026/08/17;11:45;0,407;Real
2026/08/17;12:00;0,349;Real
2026/08/17;12:15;0,518;Real
2026/08/17;12:30;0,634;Real
2026/08/17;12:45;0,655;Real
2026/08/17;13:00;0,611;Real
2026/08/17;13:15;0,565;Real
2026/08/17;13:30;0,577;Real
2026/08/17;13:45;0,429;Real
2026/08/17;14:00;0,532;Real
2026/08/17;14:15;0,469;Real
2026/08/17;14:30;0,519;Real
2026/08/17;14:45;0,311;Real
2026/08/17;15:00;0,375;Real
2026/08/17;15:15;0,355;Real
2026/08/17;15:30;0,357;Real
2026/08/17;15:45;0,423;Real
2026/08/17;16:00;0,374;Real
2026/08/17;16:15;0,249;Real
2026/08/17;16:30;0,435;Real
2026/08/17;16:45;0,249;Real
2026/08/17;17:00;0,357;Real
2026/08/17;17:15;0,352;Real
2026/08/17;17:30;0,39;Real
2026/08/17;17:45;0,346;Real
2026/08/17;18:00;0,499;Real
2026/08/17;18:15;0,629;Real
2026/08/17;18:30;0,513;Real
2026/08/17;18:45;0,609;Real
2026/08/17;19:00;0,457;Real
2026/08/17;19:15;0,913;Real
2026/08/17;19:30;0,692;Real
2026/08/17;19:45;0,604;Real
2026/08/17;20:00;0,787;Real
2026/08/17;20:15;0,906;Real
2026/08/17;20:30;2,619;Real
2026/08/17;20:45;0,729;Real
2026/08/17;21:00;0,949;Real
2026/08/17;21:15;1,098;Real
2026/08/17;21:30;1,305;Real
2026/08/17;21:45;1,35;Real
2026/08/17;22:00;1,023;Real
2026/08/17;22:15;2,534;Real
2026/08/17;22:30;0,548;Real
2026/08/17;22:45;0,952;Real
2026/08/17;23:00;0,702;Real
2026/08/17;23:15;0,451;Real
2026/08/17;23:30;0,402;Real
2026/08/17;23:45;0,431;Real
2026/08/18;00:00;0,316;Real
2026/08/18;00:15;0,233;Real
2026/08/18;00:30;0,205;Real
2026/08/18;00:45;0,188;Real
2026/08/18;01:00;0,139;Real
2026/08/18;01:15;0,12;Real
2026/08/18;01:30;0,123;Real
2026/08/18;01:45;0,156;Real
2026/08/18;02:00;0,174;Real
2026/08/18;02:15;0,156;Real
2026/08/18;02:30;0,106;Real
2026/08/18;02:45;0,143;Real
2026/08/18;03:00;0,1;Real
2026/08/18;03:15;0,138;Real
2026/08/18;03:30;0,122;Real
2026/08/18;03:45;0,142;Real
2026/08/18;04:00;0,137;Real
2026/08/18;04:15;0,129;Real
2026/08/18;04:30;0,146;Real
2026/08/18;04:45;0,107;Real
2026/08/18;05:00;0,095;Real
2026/08/18;05:15;0,103;Real
2026/08/18;05:30;0,17;Real
2026/08/18;05:45;0,12;Real
2026/08/18;06:00;0,147;Real
2026/08/18;06:15;0,164;Real
2026/08/18;06:30;0,169;Real
2026/08/18;06:45;0,215;Real
2026/08/18;07:00;0,211;Real
2026/08/18;07:15;0,461;Real
2026/08/18;07:30;0,348;Real
2026/08/18;07:45;0,303;Real
2026/08/18;08:00;0,309;Real
2026/08/18;08:15;0,41;Real
2026/08/18;08:30;0,452;Real
2026/08/18;08:45;0,552;Real
2026/08/18;09:00;0,444;Real
2026/08/18;09:15;0,393;Real
2026/08/18;09:30;0,411;Real
2026/08/18;09:45;0,365;Real
2026/08/18;10:00;0,277;Real
2026/08/18;10:15;0,325;Real
2026/08/18;10:30;0,352;Real
2026/08/18;10:45;0,268;Real
2026/08/18;11:00;0,315;Real
2026/08/18;11:15;0,325;Real
2026/08/18;11:30;0,322;Real
2026/08/18;11:45;0,391;Real
2026/08/18;12:00;0,324;Real
2026/08/18;12:15;0,52;Real
2026/08/18;12:30;0,352;Real
2026/08/18;12:45;0,487;Real
2026/08/18;13:00;0,479;Real
2026/08/18;13:15;0,394;Real
2026/08/18;13:30;0,644;Real
2026/08/18;13:45;0,441;Real
2026/08/18;14:00;0,586;Real
2026/08/18;14:15;0,339;Real
2026/08/18;14:30;0,296;Real
2026/08/18;14:45;0,33;Real
2026/08/18;15:00;0,266;Real
2026/08/18;15:15;0,196;Real
2026/08/18;15:30;0,218;Real
2026/08/18;15:45;0,229;Real
2026/08/18;16:00;0,199;Real
2026/08/18;16:15;0,341;Real
2026/08/18;16:30;0,244;Real
2026/08/18;16:45;0,362;Real
2026/08/18;17:00;0,36;Real
2026/08/18;17:15;0,417;Real
2026/08/18;17:30;0,408;Real
2026/08/18;17:45;0,436;Real
2026/08/18;18:00;0,386;Real
2026/08/18;18:15;0,553;Real
2026/08/18;18:30;0,372;Real
2026/08/18;18:45;0,494;Real
2026/08/18;19:00;0,401;Estimado
2026/08/18;19:15;0,657;Real
2026/08/18;19:30;0,671;Real
2026/08/18;19:45;0,603;Real
2026/08/18;20:00;0,564;Real
2026/08/18;20:15;0,626;Real
2026/08/18;20:30;0,734;Real
2026/08/18;20:45;1,087;Real
2026/08/18;21:00;1,055;Real
2026/08/18;21:15;0,698;Real
2026/08/18;21:30;0,724;Real
2026/08/18;21:45;0,912;Real
2026/08/18;22:00;1,086;Real
2026/08/18;22:15;0,843;Real
2026/08/18;22:30;0,714;Real
2026/08/18;22:45;0,523;Real
2026/08/18;23:00;0,731;Real
2026/08/18;23:15;0,249;Real
2026/08/18;23:30;0,289;Real
2026/08/18;23:45;0,313;Real
2026/08/19;00:00;0,298;Real
2026/08/19;00:15;0,196;Real
2026/08/19;00:30;0,202;Real
2026/08/19;00:45;0,237;Real
2026/08/19;01:00;0,168;Real
2026/08/19;01:15;2,156;Real
2026/08/19;01:30;0,106;Real
2026/08/19;01:45;0,123;Real
2026/08/19;02:00;0,134;Real
2026/08/19;02:15;0,117;Real
2026/08/19;02:30;0,158;Real
2026/08/19;02:45;0,153;Real
2026/08/19;03:00;0,106;Real
2026/08/19;03:15;0,154;Real
2026/08/19;03:30;0,138;Real
2026/08/19;03:45;0,152;Real
2026/08/19;04:00;0,148;Real
2026/08/19;04:15;0,108;Real
2026/08/19;04:30;0,138;Real
2026/08/19;04:45;0,091;Real
2026/08/19;05:00;0,127;Real
2026/08/19;05:15;0,16;Real
2026/08/19;05:30;0,166;Real
2026/08/19;05:45;0,105;Real
2026/08/19;06:00;0,105;Real
2026/08/19;06:15;0,204;Real
2026/08/19;06:30;0,22;Real
2026/08/19;06:45;0,233;Real
2026/08/19;07:00;0,27;Real
2026/08/19;07:15;0,441;Real
2026/08/19;07:30;0,37;Real
2026/08/19;07:45;0,331;Real
2026/08/19;08:00;0,349;Real
2026/08/19;08:15;0,485;Real
2026/08/19;08:30;0,369;Real
2026/08/19;08:45;0,518;Real
2026/08/19;09:00;0,503;Real
2026/08/19;09:15;0,256;Real
2026/08/19;09:30;0,368;Real
2026/08/19;09:45;0,253;Real
2026/08/19;10:00;0,429;Real
2026/08/19;10:15;0,362;Real
2026/08/19;10:30;0,237;Real
2026/08/19;10:45;0,283;Real
2026/08/19;11:00;0,282;Real
2026/08/19;11:15;0,399;Real
2026/08/19;11:30;0,298;Real
2026/08/19;11:45;0,386;Real
2026/08/19;12:00;0,321;Real
2026/08/19;12:15;0,409;Real
2026/08/19;12:30;0,597;Real
2026/08/19;12:45;0,516;Real
2026/08/19;13:00;0,487;Real
2026/08/19;13:15;0,544;Real
2026/08/19;13:30;0,457;Real
2026/08/19;13:45;0,609;Real
2026/08/19;14:00;0,496;Real
2026/08/19;14:15;0,382;Real
2026/08/19;14:30;0,388;Real
2026/08/19;14:45;0,423;Real
2026/08/19;15:00;0,335;Real
2026/08/19;15:15;0,222;Real
2026/08/19;15:30;0,227;Real
2026/08/19;15:45;0,2;Real
2026/08/19;16:00;0,297;Real
2026/08/19;16:15;0,284;Real
2026/08/19;16:30;0,231;Real
2026/08/19;16:45;0,217;Real
2026/08/19;17:00;0,262;Real
2026/08/19;17:15;0,325;Real
2026/08/19;17:30;0,248;Real
2026/08/19;17:45;0,429;Real
2026/08/19;18:00;0,34;Real
2026/08/19;18:15;0,47;Real
2026/08/19;18:30;0,558;Real
2026/08/19;18:45;0,425;Real
2026/08/19;19:00;0,577;Real
2026/08/19;19:15;0,519;Real
2026/08/19;19:30;0,543;Real
2026/08/19;19:45;0,747;Real
2026/08/19;20:00;0,776;Real
2026/08/19;20:15;0,862;Real
2026/08/19;20:30;0,958;Real
2026/08/19;20:45;0,864;Real
2026/08/19;21:00;0,89;Real
2026/08/19;21:15;0,846;Real
2026/08/19;21:30;1,043;Real
2026/08/19;21:45;0,707;Real
2026/08/19;22:00;0,831;Real
2026/08/19;22:15;2,413;Real
2026/08/19;22:30;0,582;Estimado
2026/08/19;22:45;0,68;Real
2026/08/19;23:00;0,48;Real
2026/08/19;23:15;0,331;Real
2026/08/19;23:30;0,246;Real
2026/08/19;23:45;0,278;Real
2026/08/20;00:00;0,427;Real
2026/08/20;00:15;0,235;Real
2026/08/20;00:30;0,151;Real
2026/08/20;00:45;0,222;Real
2026/08/20;01:00;0,239;Real
2026/08/20;01:15;0,125;Real
2026/08/20;01:30;0,152;Real
2026/08/20;01:45;0,12;Real
2026/08/20;02:00;0,099;Real
2026/08/20;02:15;0,124;Real
2026/08/20;02:30;0,149;Real
2026/08/20;02:45;0,155;Real
2026/08/20;03:00;0,092;Real
2026/08/20;03:15;0,101;Real
2026/08/20;03:30;0,154;Real
2026/08/20;03:45;0,117;Real
2026/08/20;04:00;0,13;Real
2026/08/20;04:15;0,159;Real
2026/08/20;04:30;0,109;Real
2026/08/20;04:45;0,138;Real
2026/08/20;05:00;0,129;Real
2026/08/20;05:15;0,105;Real
2026/08/20;05:30;0,123;Real
2026/08/20;05:45;0,164;Real
2026/08/20;06:00;0,123;Real
2026/08/20;06:15;0,2;Real
2026/08/20;06:30;0,272;Real
2026/08/20;06:45;0,203;Real
2026/08/20;07:00;0,243;Real
2026/08/20;07:15;0,325;Real
2026/08/20;07:30;0,397;Estimado
2026/08/20;07:45;0,472;Real
2026/08/20;08:00;0,278;Real
2026/08/20;08:15;0,346;Real
2026/08/20;08:30;0,38;Real
2026/08/20;08:45;0,343;Real
2026/08/20;09:00;0,396;Real
2026/08/20;09:15;0,249;Real
2026/08/20;09:30;0,39;Real
2026/08/20;09:45;0,373;Real
2026/08/20;10:00;0,39;Real
2026/08/20;10:15;0,331;Real
2026/08/20;10:30;0,295;Real
2026/08/20;10:45;0,33;Real
2026/08/20;11:00;0,213;Real
2026/08/20;11:15;0,287;Real
2026/08/20;11:30;0,361;Real
2026/08/20;11:45;0,289;Real
2026/08/20;12:00;0,26;Real
2026/08/20;12:15;0,387;Real
2026/08/20;12:30;0,33;Real
2026/08/20;12:45;0,392;Real
2026/08/20;13:00;0,342;Real
2026/08/20;13:15;0,496;Real
2026/08/20;13:30;0,553;Real
2026/08/20;13:45;0,568;Real
2026/08/20;14:00;0,407;Real
2026/08/20;14:15;0,267;Real
2026/08/20;14:30;0,316;Real
2026/08/20;14:45;0,264;Real
2026/08/20;15:00;0,267;Real
2026/08/20;15:15;0,208;Real
2026/08/20;15:30;0,204;Real
2026/08/20;15:45;0,271;Real
2026/08/20;16:00;0,345;Real
2026/08/20;16:15;0,252;Real
2026/08/20;16:30;0,292;Real
2026/08/20;16:45;0,279;Real
2026/08/20;17:00;0,281;Real
2026/08/20;17:15;0,438;Real
2026/08/20;17:30;0,319;Real
2026/08/20;17:45;0,355;Real
2026/08/20;18:00;0,361;Real
2026/08/20;18:15;0,366;Real
2026/08/20;18:30;0,389;Real
2026/08/20;18:45;0,572;Real
2026/08/20;19:00;0,524;Real
2026/08/20;19:15;0,705;Real
2026/08/20;19:30;0,497;Real
2026/08/20;19:45;0,48;Real
2026/08/20;20:00;0,686;Real
2026/08/20;20:15;0,621;Real
2026/08/20;20:30;2,719;Real
2026/08/20;20:45;0,706;Real
2026/08/20;21:00;0,825;Real
2026/08/20;21:15;0,611;Real
2026/08/20;21:30;1,126;Real
2026/08/20;21:45;0,609;Real
2026/08/20;22:00;0,787;Real
2026/08/20;22:15;2,21;Real
2026/08/20;22:30;0,537;Real
2026/08/20;22:45;0,727;Real
2026/08/20;23:00;0,57;Real
2026/08/20;23:15;0,441;Real
2026/08/20;23:30;0,402;Real
2026/08/20;23:45;0,279;Real
2026/08/21;00:00;0,281;Real
2026/08/21;00:15;0,165;Real
2026/08/21;00:30;0,169;Real
2026/08/21;00:45;0,19;Real
2026/08/21;01:00;0,218;Real
2026/08/21;01:15;2,157;Real
2026/08/21;01:30;0,131;Real
2026/08/21;01:45;0,172;Real
2026/08/21;02:00;0,166;Real
2026/08/21;02:15;0,134;Real
2026/08/21;02:30;0,149;Real
2026/08/21;02:45;0,088;Real
2026/08/21;03:00;0,155;Real
2026/08/21;03:15;0,089;Real
2026/08/21;03:30;0,159;Real
2026/08/21;03:45;0,137;Real
2026/08/21;04:00;0,117;Real
2026/08/21;04:15;0,119;Real
2026/08/21;04:30;0,161;Real
2026/08/21;04:45;0,154;Real
2026/08/21;05:00;0,139;Real
2026/08/21;05:15;0,105;Real
2026/08/21;05:30;0,098;Real
2026/08/21;05:45;0,143;Real
2026/08/21;06:00;0,125;Real
2026/08/21;06:15;0,23;Real
2026/08/21;06:30;0,265;Real
2026/08/21;06:45;0,238;Real
2026/08/21;07:00;0,155;Real
2026/08/21;07:15;0,416;Real
2026/08/21;07:30;0,398;Real
2026/08/21;07:45;0,393;Real
2026/08/21;08:00;0,408;Real
2026/08/21;08:15;0,458;Real
2026/08/21;08:30;0,387;Real
2026/08/21;08:45;0,462;Real
2026/08/21;09:00;0,504;Real
2026/08/21;09:15;0,368;Real
2026/08/21;09:30;0,308;Real
2026/08/21;09:45;0,26;Real
2026/08/21;10:00;0,343;Real
2026/08/21;10:15;0,324;Real
2026/08/21;10:30;0,349;Real
2026/08/21;10:45;0,351;Real
2026/08/21;11:00;0,196;Real
2026/08/21;11:15;0,266;Real
2026/08/21;11:30;0,273;Real
2026/08/21;11:45;0,281;Real
2026/08/21;12:00;0,365;Real
2026/08/21;12:15;0,493;Real
2026/08/21;12:30;0,592;Real
2026/08/21;12:45;0,56;Real
2026/08/21;13:00;0,485;Real
2026/08/21;13:15;0,533;Real
2026/08/21;13:30;0,349;Real
2026/08/21;13:45;0,398;Real
2026/08/21;14:00;0,42;Real
2026/08/21;14:15;0,241;Real
2026/08/21;14:30;0,256;Real
2026/08/21;14:45;0,321;Real
2026/08/21;15:00;0,438;Real
2026/08/21;15:15;0,224;Real
2026/08/21;15:30;0,217;Real
2026/08/21;15:45;0,226;Real
2026/08/21;16:00;0,242;Real
2026/08/21;16:15;0,313;Real
2026/08/21;16:30;0,356;Real
2026/08/21;16:45;0,233;Real
2026/08/21;17:00;0,27;Real
2026/08/21;17:15;0,294;Real
2026/08/21;17:30;0,254;Real
2026/08/21;17:45;0,271;Real
2026/08/21;18:00;0,413;Real
2026/08/21;18:15;0,507;Real
2026/08/21;18:30;0,537;Real
2026/08/21;18:45;0,564;Real
2026/08/21;19:00;0,332;Real
2026/08/21;19:15;0,604;Real
2026/08/21;19:30;0,711;Estimado
2026/08/21;19:45;0,725;Real
2026/08/21;20:00;0,685;Real
2026/08/21;20:15;0,66;Real
2026/08/21;20:30;2,846;Real
2026/08/21;20:45;0,993;Real
2026/08/21;21:00;1,056;Real
2026/08/21;21:15;0,698;Real
2026/08/21;21:30;0,902;Real
2026/08/21;21:45;0,732;Real
2026/08/21;22:00;0,825;Real
2026/08/21;22:15;2,068;Real
2026/08/21;22:30;0,535;Real
2026/08/21;22:45;0,651;Real
2026/08/21;23:00;0,579;Real
2026/08/21;23:15;0,247;Real
2026/08/21;23:30;0,245;Real
2026/08/21;23:45;0,292;Real
2026/08/22;00:00;0,265;Real
2026/08/22;00:15;0,158;Real
2026/08/22;00:30;0,242;Real
2026/08/22;00:45;0,213;Real
2026/08/22;01:00;0,225;Real
2026/08/22;01:15;0,143;Real
2026/08/22;01:30;0,115;Real
2026/08/22;01:45;0,118;Real
2026/08/22;02:00;0,135;Real
2026/08/22;02:15;0,11;Real
2026/08/22;02:30;0,137;Real
2026/08/22;02:45;0,106;Real
2026/08/22;03:00;0,151;Real
2026/08/22;03:15;0,104;Real
2026/08/22;03:30;0,093;Real
2026/08/22;03:45;0,104;Real
2026/08/22;04:00;0,157;Real
2026/08/22;04:15;0,121;Real
2026/08/22;04:30;0,146;Real
2026/08/22;04:45;0,124;Real
2026/08/22;05:00;0,112;Real
2026/08/22;05:15;0,164;Real
2026/08/22;05:30;0,105;Real
2026/08/22;05:45;0,14;Real
2026/08/22;06:00;0,141;Real
2026/08/22;06:15;0,192;Real
2026/08/22;06:30;0,214;Real
2026/08/22;06:45;0,123;Real
2026/08/22;07:00;0,146;Real
2026/08/22;07:15;0,183;Real
2026/08/22;07:30;0,299;Real
2026/08/22;07:45;0,313;Real
2026/08/22;08:00;0,285;Real
2026/08/22;08:15;0,461;Real
2026/08/22;08:30;0,458;Real
2026/08/22;08:45;0,424;Real
2026/08/22;09:00;0,337;Real
2026/08/22;09:15;0,652;Real
2026/08/22;09:30;0,591;Real
2026/08/22;09:45;0,685;Real
2026/08/22;10:00;0,624;Real
2026/08/22;10:15;0,635;Real
2026/08/22;10:30;0,474;Real
2026/08/22;10:45;0,505;Real
2026/08/22;11:00;0,483;Real
2026/08/22;11:15;0,437;Real
2026/08/22;11:30;0,562;Real
2026/08/22;11:45;0,762;Real
2026/08/22;12:00;0,757;Real
2026/08/22;12:15;0,799;Real
2026/08/22;12:30;0,816;Real
2026/08/22;12:45;0,807;Real
2026/08/22;13:00;0,548;Real
2026/08/22;13:15;0,877;Real
2026/08/22;13:30;0,604;Real
2026/08/22;13:45;0,905;Real
2026/08/22;14:00;0,865;Real
2026/08/22;14:15;0,737;Real
2026/08/22;14:30;0,414;Real
2026/08/22;14:45;0,543;Real
2026/08/22;15:00;0,419;Real
2026/08/22;15:15;0,52;Real
2026/08/22;15:30;0,569;Real
2026/08/22;15:45;0,566;Real
2026/08/22;16:00;0,446;Real
2026/08/22;16:15;0,518;Real
2026/08/22;16:30;0,446;Real
2026/08/22;16:45;0,39;Real
2026/08/22;17:00;0,337;Real
2026/08/22;17:15;0,439;Real
2026/08/22;17:30;0,38;Real
2026/08/22;17:45;0,46;Real
2026/08/22;18:00;0,325;Real
2026/08/22;18:15;0,429;Real
2026/08/22;18:30;0,338;Real
2026/08/22;18:45;0,591;Real
2026/08/22;19:00;0,415;Real
2026/08/22;19:15;0,785;Real
2026/08/22;19:30;0,694;Real
2026/08/22;19:45;0,505;Real
2026/08/22;20:00;0,574;Real
2026/08/22;20:15;0,727;Real
2026/08/22;20:30;0,609;Real
2026/08/22;20:45;0,546;Real
2026/08/22;21:00;0,925;Real
2026/08/22;21:15;0,817;Real
2026/08/22;21:30;0,659;Real
2026/08/22;21:45;0,869;Real
2026/08/22;22:00;0,585;Estimado
2026/08/22;22:15;0,623;Real
2026/08/22;22:30;0,629;Real
2026/08/22;22:45;0,542;Real
2026/08/22;23:00;0,562;Real
2026/08/22;23:15;0,33;Real
2026/08/22;23:30;0,371;Real
2026/08/22;23:45;0,301;Real
2026/08/23;00:00;0,385;Real
2026/08/23;00:15;0,118;Real
2026/08/23;00:30;0,084;Real
2026/08/23;00:45;0,115;Real
2026/08/23;01:00;0,084;Real
2026/08/23;01:15;0,065;Real
2026/08/23;01:30;0,063;Estimado
2026/08/23;01:45;0,068;Real
2026/08/23;02:00;0,054;Real
2026/08/23;02:15;0,074;Real
2026/08/23;02:30;0,075;Real
2026/08/23;02:45;0,055;Real
2026/08/23;03:00;0,049;Real
2026/08/23;03:15;0,062;Real
2026/08/23;03:30;0,06;Real
2026/08/23;03:45;0,048;Real
2026/08/23;04:00;0,047;Real
2026/08/23;04:15;0,059;Real
2026/08/23;04:30;0,072;Real
2026/08/23;04:45;0,058;Real
2026/08/23;05:00;0,065;Real
2026/08/23;05:15;0,059;Real
2026/08/23;05:30;0,077;Real
2026/08/23;05:45;0,077;Real
2026/08/23;06:00;0,078;Real
2026/08/23;06:15;0,103;Real
2026/08/23;06:30;0,062;Estimado
2026/08/23;06:45;0,085;Real
2026/08/23;07:00;0,067;Real
2026/08/23;07:15;0,107;Real
2026/08/23;07:30;0,158;Real
2026/08/23;07:45;0,156;Real
2026/08/23;08:00;0,151;Real
2026/08/23;08:15;0,215;Real
2026/08/23;08:30;0,231;Real
2026/08/23;08:45;0,233;Real
2026/08/23;09:00;0,172;Real
2026/08/23;09:15;0,214;Real
2026/08/23;09:30;0,213;Real
2026/08/23;09:45;0,281;Real
2026/08/23;10:00;0,208;Real
2026/08/23;10:15;0,313;Real
2026/08/23;10:30;0,266;Real
2026/08/23;10:45;0,35;Real
2026/08/23;11:00;0,377;Real
2026/08/23;11:15;0,233;Real
2026/08/23;11:30;0,224;Real
2026/08/23;11:45;0,258;Real
2026/08/23;12:00;0,299;Real
2026/08/23;12:15;0,255;Real
2026/08/23;12:30;0,28;Real
2026/08/23;12:45;0,334;Real
2026/08/23;13:00;0,321;Real
2026/08/23;13:15;0,289;Real
2026/08/23;13:30;0,385;Real
2026/08/23;13:45;0,268;Real
2026/08/23;14:00;0,399;Real
2026/08/23;14:15;0,303;Real
2026/08/23;14:30;0,304;Real
2026/08/23;14:45;0,304;Real
2026/08/23;15:00;0,243;Real
2026/08/23;15:15;0,212;Real
2026/08/23;15:30;0,279;Real
2026/08/23;15:45;0,167;Real
2026/08/23;16:00;0,266;Real
2026/08/23;16:15;0,154;Real
2026/08/23;16:30;0,146;Real
2026/08/23;16:45;0,2;Real
2026/08/23;17:00;0,171;Real
2026/08/23;17:15;0,247;Real
2026/08/23;17:30;0,18;Real
2026/08/23;17:45;0,231;Real
2026/08/23;18:00;0,25;Real
2026/08/23;18:15;0,205;Real
2026/08/23;18:30;0,207;Real
2026/08/23;18:45;0,24;Real
2026/08/23;19:00;0,211;Real
2026/08/23;19:15;0,27;Real
2026/08/23;19:30;0,298;Real
2026/08/23;19:45;0,25;Real
2026/08/23;20:00;0,29;Real
2026/08/23;20:15;0,422;Real
2026/08/23;20:30;0,49;Real
2026/08/23;20:45;0,472;Real
2026/08/23;21:00;0,4;Real
2026/08/23;21:15;0,304;Real
2026/08/23;21:30;0,431;Real
2026/08/23;21:45;0,376;Real
2026/08/23;22:00;0,391;Real
2026/08/23;22:15;0,271;Real
2026/08/23;22:30;0,371;Real
2026/08/23;22:45;0,277;Real
2026/08/23;23:00;0,327;Real
2026/08/23;23:15;0,123;Real
2026/08/23;23:30;0,18;Real
2026/08/23;23:45;0,128;Real
2026/08/24;00:00;0,138;Real
2026/08/24;00:15;0,087;Real
2026/08/24;00:30;0,096;Real
2026/08/24;00:45;0,101;Real
2026/08/24;01:00;0,107;Real
2026/08/24;01:15;0,081;Real
2026/08/24;01:30;0,058;Real
2026/08/24;01:45;0,075;Real
2026/08/24;02:00;0,088;Real
2026/08/24;02:15;0,046;Real
2026/08/24;02:30;0,057;Real
2026/08/24;02:45;0,055;Real
2026/08/24;03:00;0,072;Real
2026/08/24;03:15;0,059;Real
2026/08/24;03:30;0,079;Real
2026/08/24;03:45;0,076;Real
2026/08/24;04:00;0,044;Real
2026/08/24;04:15;0,048;Real
2026/08/24;04:30;0,044;Real
2026/08/24;04:45;0,063;Real
2026/08/24;05:00;0,067;Real
2026/08/24;05:15;0,069;Real
2026/08/24;05:30;0,058;Real
2026/08/24;05:45;0,065;Real
2026/08/24;06:00;0,072;Real
2026/08/24;06:15;0,103;Real
2026/08/24;06:30;0,131;Real
2026/08/24;06:45;0,12;Real
2026/08/24;07:00;0,096;Real
2026/08/24;07:15;0,142;Real
2026/08/24;07:30;0,199;Real
2026/08/24;07:45;0,14;Real
2026/08/24;08:00;0,242;Real
2026/08/24;08:15;0,205;Real
2026/08/24;08:30;0,275;Estimado
2026/08/24;08:45;0,261;Real
2026/08/24;09:00;0,22;Real
2026/08/24;09:15;0,175;Real
2026/08/24;09:30;0,172;Real
2026/08/24;09:45;0,158;Real
2026/08/24;10:00;0,217;Real
2026/08/24;10:15;0,161;Real
2026/08/24;10:30;0,148;Real
2026/08/24;10:45;0,116;Real
2026/08/24;11:00;0,17;Real
2026/08/24;11:15;0,15;Real
2026/08/24;11:30;0,117;Real
2026/08/24;11:45;0,155;Real
2026/08/24;12:00;0,162;Real
2026/08/24;12:15;0,273;Real
2026/08/24;12:30;0,203;Real
2026/08/24;12:45;0,292;Real
2026/08/24;13:00;0,198;Real
2026/08/24;13:15;0,181;Real
2026/08/24;13:30;0,303;Real
2026/08/24;13:45;0,314;Real
2026/08/24;14:00;0,27;Real
2026/08/24;14:15;0,133;Real
2026/08/24;14:30;0,198;Real
2026/08/24;14:45;0,198;Real
2026/08/24;15:00;0,211;Real
2026/08/24;15:15;0,154;Real
2026/08/24;15:30;0,134;Real
2026/08/24;15:45;0,117;Real
2026/08/24;16:00;0,128;Real
2026/08/24;16:15;0,156;Real
2026/08/24;16:30;0,156;Real
2026/08/24;16:45;0,165;Real
2026/08/24;17:00;0,17;Real
2026/08/24;17:15;0,123;Real
2026/08/24;17:30;0,191;Real
2026/08/24;17:45;0,126;Real
2026/08/24;18:00;0,152;Real
2026/08/24;18:15;0,268;Real
2026/08/24;18:30;0,29;Real
2026/08/24;18:45;0,208;Real
2026/08/24;19:00;0,248;Real
2026/08/24;19:15;0,261;Estimado
2026/08/24;19:30;0,394;Real
2026/08/24;19:45;0,407;Real
2026/08/24;20:00;0,396;Real
2026/08/24;20:15;0,36;Real
2026/08/24;20:30;2,305;Real
2026/08/24;20:45;0,294;Real
2026/08/24;21:00;0,422;Real
2026/08/24;21:15;0,318;Real
2026/08/24;21:30;0,388;Real
2026/08/24;21:45;0,504;Real
2026/08/24;22:00;0,412;Real
2026/08/24;22:15;2,004;Real
2026/08/24;22:30;1,906;Real
2026/08/24;22:45;0,411;Real
2026/08/24;23:00;0,371;Real
2026/08/24;23:15;0,166;Real
2026/08/24;23:30;0,159;Real
2026/08/24;23:45;0,149;Real
2026/08/25;00:00;0,128;Real
2026/08/25;00:15;0,22;Real
2026/08/25;00:30;0,227;Real
2026/08/25;00:45;0,17;Real
2026/08/25;01:00;0,174;Real
2026/08/25;01:15;0,125;Real
2026/08/25;01:30;0,101;Real
2026/08/25;01:45;0,146;Real
2026/08/25;02:00;0,136;Real
2026/08/25;02:15;0,124;Real
2026/08/25;02:30;0,131;Real
2026/08/25;02:45;0,091;Real
2026/08/25;03:00;0,125;Real
2026/08/25;03:15;0,154;Real
2026/08/25;03:30;0,109;Real
2026/08/25;03:45;0,144;Real
2026/08/25;04:00;0,121;Real
2026/08/25;04:15;0,121;Real
2026/08/25;04:30;0,113;Real
2026/08/25;04:45;0,138;Real
2026/08/25;05:00;0,096;Real
2026/08/25;05:15;0,132;Real
2026/08/25;05:30;0,122;Real
2026/08/25;05:45;0,147;Real
2026/08/25;06:00;0,14;Real
2026/08/25;06:15;0,17;Real
2026/08/25;06:30;0,16;Real
2026/08/25;06:45;0,166;Real
2026/08/25;07:00;0,183;Real
2026/08/25;07:15;0,456;Real
2026/08/25;07:30;0,262;Real
2026/08/25;07:45;0,283;Real
2026/08/25;08:00;0,292;Real
2026/08/25;08:15;0,524;Real
2026/08/25;08:30;0,363;Real
2026/08/25;08:45;0,347;Real
2026/08/25;09:00;0,492;Real
2026/08/25;09:15;0,375;Real
2026/08/25;09:30;0,26;Real
2026/08/25;09:45;0,303;Real
2026/08/25;10:00;0,321;Real
2026/08/25;10:15;0,271;Real
2026/08/25;10:30;0,334;Real
2026/08/25;10:45;0,298;Real
2026/08/25;11:00;0,361;Real
2026/08/25;11:15;0,38;Real
2026/08/25;11:30;0,369;Real
2026/08/25;11:45;0,222;Real
2026/08/25;12:00;0,376;Real
2026/08/25;12:15;0,385;Real
2026/08/25;12:30;0,346;Real
2026/08/25;12:45;0,489;Real
2026/08/25;13:00;0,404;Real
2026/08/25;13:15;0,406;Real
2026/08/25;13:30;0,499;Real
2026/08/25;13:45;0,467;Estimado
2026/08/25;14:00;0,637;Real
2026/08/25;14:15;0,385;Real
2026/08/25;14:30;0,344;Real
2026/08/25;14:45;0,303;Real
2026/08/25;15:00;0,388;Real
2026/08/25;15:15;0,245;Real
2026/08/25;15:30;0,228;Real
2026/08/25;15:45;0,249;Real
2026/08/25;16:00;0,237;Real
2026/08/25;16:15;0,345;Real
2026/08/25;16:30;0,27;Real
2026/08/25;16:45;0,359;Real
2026/08/25;17:00;0,318;Real
2026/08/25;17:15;0,347;Real
2026/08/25;17:30;0,3;Real
2026/08/25;17:45;0,243;Real
2026/08/25;18:00;0,386;Real
2026/08/25;18:15;0,436;Real
2026/08/25;18:30;0,548;Real
2026/08/25;18:45;0,406;Real
2026/08/25;19:00;0,424;Real
2026/08/25;19:15;0,783;Real
2026/08/25;19:30;0,606;Real
2026/08/25;19:45;0,792;Real
2026/08/25;20:00;0,523;Real
2026/08/25;20:15;0,824;Real
2026/08/25;20:30;0,857;Real
2026/08/25;20:45;0,617;Real
2026/08/25;21:00;0,772;Real
2026/08/25;21:15;0,886;Real
2026/08/25;21:30;1,109;Real
2026/08/25;21:45;0,904;Real
2026/08/25;22:00;0,845;Real
2026/08/25;22:15;2,422;Real
2026/08/25;22:30;0,673;Real
2026/08/25;22:45;0,576;Real
2026/08/25;23:00;0,623;Real
2026/08/25;23:15;0,318;Real
2026/08/25;23:30;0,422;Real
2026/08/25;23:45;0,279;Real
2026/08/26;00:00;0,428;Real
2026/08/26;00:15;0,216;Real
2026/08/26;00:30;0,224;Estimado
2026/08/26;00:45;0,212;Real
2026/08/26;01:00;0,198;Real
2026/08/26;01:15;2,17;Real
2026/08/26;01:30;0,173;Real
2026/08/26;01:45;0,122;Real
2026/08/26;02:00;0,098;Real
2026/08/26;02:15;0,106;Real
2026/08/26;02:30;0,116;Real
2026/08/26;02:45;0,156;Real
2026/08/26;03:00;0,091;Real
2026/08/26;03:15;0,159;Real
2026/08/26;03:30;0,136;Real
2026/08/26;03:45;0,149;Real
2026/08/26;04:00;0,091;Real
2026/08/26;04:15;0,124;Real
2026/08/26;04:30;0,129;Real
2026/08/26;04:45;0,127;Real
2026/08/26;05:00;0,11;Real
2026/08/26;05:15;0,11;Real
2026/08/26;05:30;0,139;Real
2026/08/26;05:45;0,123;Real
2026/08/26;06:00;0,118;Real
2026/08/26;06:15;0,277;Real
2026/08/26;06:30;0,254;Real
2026/08/26;06:45;0,203;Real
2026/08/26;07:00;0,229;Real
2026/08/26;07:15;0,344;Real
2026/08/26;07:30;0,408;Real
2026/08/26;07:45;0,43;Real
2026/08/26;08:00;0,451;Real
2026/08/26;08:15;0,402;Real
2026/08/26;08:30;0,414;Real
2026/08/26;08:45;0,499;Real
2026/08/26;09:00;0,522;Real
2026/08/26;09:15;0,374;Estimado
2026/08/26;09:30;0,295;Real
2026/08/26;09:45;0,285;Real
2026/08/26;10:00;0,308;Real
2026/08/26;10:15;0,273;Real
2026/08/26;10:30;0,198;Real
2026/08/26;10:45;0,29;Real
2026/08/26;11:00;0,291;Real
2026/08/26;11:15;0,369;Real
2026/08/26;11:30;0,4;Real
2026/08/26;11:45;0,239;Real
2026/08/26;12:00;0,239;Real
2026/08/26;12:15;0,493;Real
2026/08/26;12:30;0,446;Real
2026/08/26;12:45;0,521;Real
2026/08/26;13:00;0,446;Real
2026/08/26;13:15;0,465;Real
2026/08/26;13:30;0,532;Real
2026/08/26;13:45;0,516;Real
2026/08/26;14:00;0,494;Real
2026/08/26;14:15;0,362;Real
2026/08/26;14:30;0,281;Real
2026/08/26;14:45;0,4;Real
2026/08/26;15:00;0,246;Real
2026/08/26;15:15;0,353;Real
2026/08/26;15:30;0,356;Real
2026/08/26;15:45;0,28;Real
2026/08/26;16:00;0,255;Real
2026/08/26;16:15;0,305;Real
2026/08/26;16:30;0,282;Real
2026/08/26;16:45;0,341;Real
2026/08/26;17:00;0,327;Real
2026/08/26;17:15;0,273;Real
2026/08/26;17:30;0,373;Real
2026/08/26;17:45;0,283;Real
2026/08/26;18:00;0,336;Real
2026/08/26;18:15;0,417;Real
2026/08/26;18:30;0,473;Real
2026/08/26;18:45;0,571;Real
2026/08/26;19:00;0,372;Real
2026/08/26;19:15;0,469;Real
2026/08/26;19:30;0,808;Real
2026/08/26;19:45;0,797;Real
2026/08/26;20:00;0,465;Real
2026/08/26;20:15;0,63;Real
2026/08/26;20:30;0,613;Real
2026/08/26;20:45;0,943;Real
2026/08/26;21:00;1,054;Real
2026/08/26;21:15;1,047;Real
2026/08/26;21:30;0,61;Real
2026/08/26;21:45;0,649;Real
2026/08/26;22:00;0,661;Real
2026/08/26;22:15;0,751;Real
2026/08/26;22:30;2,362;Real
2026/08/26;22:45;0,75;Real
2026/08/26;23:00;0,762;Real
2026/08/26;23:15;0,3;Real
2026/08/26;23:30;0,429;Estimado
2026/08/26;23:45;0,36;Real
2026/08/27;00:00;0,36;Real
2026/08/27;00:15;0,165;Real
2026/08/27;00:30;0,185;Real
2026/08/27;00:45;0,159;Real
2026/08/27;01:00;0,204;Real
2026/08/27;01:15;0,127;Real
2026/08/27;01:30;0,13;Real
2026/08/27;01:45;0,138;Real
2026/08/27;02:00;0,118;Real
2026/08/27;02:15;0,09;Real
2026/08/27;02:30;0,16;Real
2026/08/27;02:45;0,106;Real
2026/08/27;03:00;0,118;Real
2026/08/27;03:15;0,089;Real
2026/08/27;03:30;0,112;Real
2026/08/27;03:45;0,144;Real
2026/08/27;04:00;0,141;Real
2026/08/27;04:15;0,131;Real
2026/08/27;04:30;0,132;Real
2026/08/27;04:45;0,098;Real
2026/08/27;05:00;0,137;Real
2026/08/27;05:15;0,169;Real
2026/08/27;05:30;0,151;Real
2026/08/27;05:45;0,157;Real
2026/08/27;06:00;0,099;Real
2026/08/27;06:15;0,156;Real
2026/08/27;06:30;0,16;Real
2026/08/27;06:45;0,217;Real
2026/08/27;07:00;0,171;Real
2026/08/27;07:15;0,269;Real
2026/08/27;07:30;0,371;Real
2026/08/27;07:45;0,446;Real
2026/08/27;08:00;0,264;Real
2026/08/27;08:15;0,393;Real
2026/08/27;08:30;0,517;Real
2026/08/27;08:45;0,35;Real
2026/08/27;09:00;0,464;Real
2026/08/27;09:15;0,243;Real
2026/08/27;09:30;0,415;Real
2026/08/27;09:45;0,429;Real
2026/08/27;10:00;0,37;Real
2026/08/27;10:15;0,319;Real
2026/08/27;10:30;0,249;Real
2026/08/27;10:45;0,28;Real
2026/08/27;11:00;0,327;Real
2026/08/27;11:15;0,281;Real
2026/08/27;11:30;0,289;Real
2026/08/27;11:45;0,256;Real
2026/08/27;12:00;0,36;Real
2026/08/27;12:15;0,473;Real
2026/08/27;12:30;0,328;Real
2026/08/27;12:45;0,482;Real
2026/08/27;13:00;0,36;Real
2026/08/27;13:15;0,41;Real
2026/08/27;13:30;0,485;Real
2026/08/27;13:45;0,592;Real
2026/08/27;14:00;0,615;Real
2026/08/27;14:15;0,277;Real
2026/08/27;14:30;0,315;Real
2026/08/27;14:45;0,331;Real
2026/08/27;15:00;0,379;Real
2026/08/27;15:15;0,298;Real
2026/08/27;15:30;0,25;Real
2026/08/27;15:45;0,292;Real
2026/08/27;16:00;0,296;Real
2026/08/27;16:15;0,32;Real
2026/08/27;16:30;0,228;Real
2026/08/27;16:45;0,298;Real
2026/08/27;17:00;0,345;Real
2026/08/27;17:15;0,359;Real
2026/08/27;17:30;0,37;Real
2026/08/27;17:45;0,356;Real
2026/08/27;18:00;0,368;Real
2026/08/27;18:15;0,467;Real
2026/08/27;18:30;0,377;Real
2026/08/27;18:45;0,507;Real
2026/08/27;19:00;0,594;Real
2026/08/27;19:15;0,47;Real
2026/08/27;19:30;0,503;Real
2026/08/27;19:45;0,521;Real
2026/08/27;20:00;0,693;Real
2026/08/27;20:15;0,884;Real
2026/08/27;20:30;2,857;Real
2026/08/27;20:45;0,707;Real
2026/08/27;21:00;0,931;Real
2026/08/27;21:15;0,95;Real
2026/08/27;21:30;0,648;Real
2026/08/27;21:45;1,078;Real
2026/08/27;22:00;1,097;Real
2026/08/27;22:15;0,59;Real
2026/08/27;22:30;2,382;Real
2026/08/27;22:45;0,589;Real
2026/08/27;23:00;0,767;Real
2026/08/27;23:15;0,286;Real
2026/08/27;23:30;0,364;Real
2026/08/27;23:45;0,4;Real
2026/08/28;00:00;0,384;Estimado
2026/08/28;00:15;0,2;Real
2026/08/28;00:30;0,222;Real
2026/08/28;00:45;0,221;Real
2026/08/28;01:00;0,159;Real
2026/08/28;01:15;0,17;Real
2026/08/28;01:30;0,114;Real
2026/08/28;01:45;0,111;Real
2026/08/28;02:00;0,099;Real
2026/08/28;02:15;0,087;Real
2026/08/28;02:30;0,093;Real
2026/08/28;02:45;0,146;Real
2026/08/28;03:00;0,105;Real
2026/08/28;03:15;0,125;Real
2026/08/28;03:30;0,099;Real
2026/08/28;03:45;0,101;Real
2026/08/28;04:00;0,116;Real
2026/08/28;04:15;0,11;Real
2026/08/28;04:30;0,155;Real
2026/08/28;04:45;0,127;Real
2026/08/28;05:00;0,09;Real
2026/08/28;05:15;0,142;Real
2026/08/28;05:30;0,116;Real
2026/08/28;05:45;0,176;Real
2026/08/28;06:00;0,173;Real
2026/08/28;06:15;0,223;Real
2026/08/28;06:30;0,174;Real
2026/08/28;06:45;0,188;Real
2026/08/28;07:00;0,211;Real
2026/08/28;07:15;0,416;Real
2026/08/28;07:30;0,408;Real
2026/08/28;07:45;0,45;Real
2026/08/28;08:00;0,268;Estimado
2026/08/28;08:15;0,465;Real
2026/08/28;08:30;0,407;Real
2026/08/28;08:45;0,315;Real
2026/08/28;09:00;0,489;Real
2026/08/28;09:15;0,414;Real
2026/08/28;09:30;0,38;Real
2026/08/28;09:45;0,309;Real
2026/08/28;10:00;0,395;Real
2026/08/28;10:15;0,269;Real
2026/08/28;10:30;0,265;Real
2026/08/28;10:45;0,281;Real
2026/08/28;11:00;0,339;Real
2026/08/28;11:15;0,247;Real
2026/08/28;11:30;0,355;Real
2026/08/28;11:45;0,283;Real
2026/08/28;12:00;0,391;Real
2026/08/28;12:15;0,543;Real
2026/08/28;12:30;0,585;Real
2026/08/28;12:45;0,563;Real
2026/08/28;13:00;0,603;Real
2026/08/28;13:15;0,546;Real
2026/08/28;13:30;0,428;Real
2026/08/28;13:45;0,509;Real
2026/08/28;14:00;0,625;Real
2026/08/28;14:15;0,332;Real
2026/08/28;14:30;0,35;Real
2026/08/28;14:45;0,359;Real
2026/08/28;15:00;0,293;Real
2026/08/28;15:15;0,359;Real
2026/08/28;15:30;0,214;Real
2026/08/28;15:45;0,208;Estimado
2026/08/28;16:00;0,351;Real
2026/08/28;16:15;0,339;Real
2026/08/28;16:30;0,307;Real
2026/08/28;16:45;0,255;Real
2026/08/28;17:00;0,357;Real
2026/08/28;17:15;0,395;Real
2026/08/28;17:30;0,312;Real
2026/08/28;17:45;0,263;Real
2026/08/28;18:00;0,292;Real
2026/08/28;18:15;0,373;Real
2026/08/28;18:30;0,518;Real
2026/08/28;18:45;0,552;Real
2026/08/28;19:00;0,542;Real
2026/08/28;19:15;0,482;Real
2026/08/28;19:30;0,82;Real
2026/08/28;19:45;0,565;Real
2026/08/28;20:00;0,602;Real
2026/08/28;20:15;0,825;Real
2026/08/28;20:30;2,546;Real
2026/08/28;20:45;0,815;Real
2026/08/28;21:00;0,624;Real
2026/08/28;21:15;0,684;Real
2026/08/28;21:30;1,031;Estimado
2026/08/28;21:45;0,728;Real
2026/08/28;22:00;0,694;Real
2026/08/28;22:15;0,823;Real
2026/08/28;22:30;0,771;Real
2026/08/28;22:45;0,503;Real
2026/08/28;23:00;0,754;Real
2026/08/28;23:15;0,38;Real
2026/08/28;23:30;0,339;Real
2026/08/28;23:45;0,361;Real
2026/08/29;00:00;0,371;Real
2026/08/29;00:15;0,158;Real
2026/08/29;00:30;0,276;Real
2026/08/29;00:45;0,264;Real
2026/08/29;01:00;0,164;Real
2026/08/29;01:15;0,14;Real
2026/08/29;01:30;0,116;Real
2026/08/29;01:45;0,145;Estimado
2026/08/29;02:00;0,151;Real
2026/08/29;02:15;0,091;Real
2026/08/29;02:30;0,127;Real
2026/08/29;02:45;0,087;Real
2026/08/29;03:00;0,107;Real
2026/08/29;03:15;0,111;Real
2026/08/29;03:30;0,09;Real
2026/08/29;03:45;0,16;Real
2026/08/29;04:00;0,111;Real
2026/08/29;04:15;0,106;Real
2026/08/29;04:30;0,128;Real
2026/08/29;04:45;0,104;Real
2026/08/29;05:00;0,138;Real
2026/08/29;05:15;0,126;Real
2026/08/29;05:30;0,129;Real
2026/08/29;05:45;0,14;Real
2026/08/29;06:00;0,101;Real
2026/08/29;06:15;0,126;Real
2026/08/29;06:30;0,204;Real
2026/08/29;06:45;0,128;Real
2026/08/29;07:00;0,193;Real
2026/08/29;07:15;0,199;Real
2026/08/29;07:30;0,186;Real
2026/08/29;07:45;0,227;Real
2026/08/29;08:00;0,285;Real
2026/08/29;08:15;0,421;Real
2026/08/29;08:30;0,342;Real
2026/08/29;08:45;0,371;Real
2026/08/29;09:00;0,288;Real
2026/08/29;09:15;0,533;Real
2026/08/29;09:30;0,453;Real
2026/08/29;09:45;0,546;Real
2026/08/29;10:00;0,37;Real
2026/08/29;10:15;0,76;Real
2026/08/29;10:30;0,759;Real
2026/08/29;10:45;0,644;Real
2026/08/29;11:00;0,445;Real
2026/08/29;11:15;0,501;Real
2026/08/29;11:30;0,476;Real
2026/08/29;11:45;0,475;Real
2026/08/29;12:00;0,451;Real
2026/08/29;12:15;0,485;Real
2026/08/29;12:30;0,746;Real
2026/08/29;12:45;0,616;Real
2026/08/29;13:00;0,557;Real
2026/08/29;13:15;0,906;Real
2026/08/29;13:30;0,831;Real
2026/08/29;13:45;0,705;Real
2026/08/29;14:00;0,651;Real
2026/08/29;14:15;0,539;Real
2026/08/29;14:30;0,431;Real
2026/08/29;14:45;0,533;Real
2026/08/29;15:00;0,633;Real
2026/08/29;15:15;0,371;Real
2026/08/29;15:30;0,452;Real
2026/08/29;15:45;0,459;Real
2026/08/29;16:00;0,575;Real
2026/08/29;16:15;0,365;Real
2026/08/29;16:30;0,303;Real
2026/08/29;16:45;0,482;Real
2026/08/29;17:00;0,429;Real
2026/08/29;17:15;0,416;Real
2026/08/29;17:30;0,465;Real
2026/08/29;17:45;0,478;Real
2026/08/29;18:00;0,359;Real
2026/08/29;18:15;0,602;Real
2026/08/29;18:30;0,372;Real
2026/08/29;18:45;0,585;Real
2026/08/29;19:00;0,46;Real
2026/08/29;19:15;0,655;Real
2026/08/29;19:30;0,656;Real
2026/08/29;19:45;0,548;Real
2026/08/29;20:00;0,788;Real
2026/08/29;20:15;0,965;Real
2026/08/29;20:30;0,563;Real
2026/08/29;20:45;0,881;Real
2026/08/29;21:00;0,869;Estimado
2026/08/29;21:15;0,69;Real
2026/08/29;21:30;0,856;Real
2026/08/29;21:45;0,915;Real
2026/08/29;22:00;1,045;Real
2026/08/29;22:15;0,516;Real
2026/08/29;22:30;0,44;Real
2026/08/29;22:45;0,76;Real
2026/08/29;23:00;0,518;Real
2026/08/29;23:15;0,349;Real
2026/08/29;23:30;0,337;Real
2026/08/29;23:45;0,416;Real
2026/08/30;00:00;0,329;Estimado
2026/08/30;00:15;0,194;Real
2026/08/30;00:30;0,222;Real
2026/08/30;00:45;0,162;Real
2026/08/30;01:00;0,223;Real
2026/08/30;01:15;2,168;Real
2026/08/30;01:30;0,11;Real
2026/08/30;01:45;0,125;Real
2026/08/30;02:00;0,109;Real
2026/08/30;02:15;0,112;Real
2026/08/30;02:30;0,101;Real
2026/08/30;02:45;0,119;Real
2026/08/30;03:00;0,147;Real
2026/08/30;03:15;0,132;Real
2026/08/30;03:30;0,148;Real
2026/08/30;03:45;0,105;Real
2026/08/30;04:00;0,103;Real
2026/08/30;04:15;0,138;Real
2026/08/30;04:30;0,148;Real
2026/08/30;04:45;0,121;Real
2026/08/30;05:00;0,106;Real
2026/08/30;05:15;0,107;Real
2026/08/30;05:30;0,163;Real
2026/08/30;05:45;0,157;Real
2026/08/30;06:00;0,168;Real
2026/08/30;06:15;0,157;Real
2026/08/30;06:30;0,138;Real
2026/08/30;06:45;0,217;Real
2026/08/30;07:00;0,163;Real
2026/08/30;07:15;0,302;Real
2026/08/30;07:30;0,309;Real
2026/08/30;07:45;0,23;Real
2026/08/30;08:00;0,24;Real
2026/08/30;08:15;0,366;Real
2026/08/30;08:30;0,33;Real
2026/08/30;08:45;0,39;Real
2026/08/30;09:00;0,498;Real
2026/08/30;09:15;0,591;Real
2026/08/30;09:30;0,476;Real
2026/08/30;09:45;0,622;Real
2026/08/30;10:00;0,664;Real
2026/08/30;10:15;0,517;Real
2026/08/30;10:30;0,698;Real
2026/08/30;10:45;0,565;Real
2026/08/30;11:00;0,451;Real
2026/08/30;11:15;0,495;Real
2026/08/30;11:30;0,778;Real
2026/08/30;11:45;0,646;Real
2026/08/30;12:00;0,465;Real
2026/08/30;12:15;0,556;Real
2026/08/30;12:30;0,811;Real
2026/08/30;12:45;0,591;Real
2026/08/30;13:00;0,79;Real
2026/08/30;13:15;0,796;Real
2026/08/30;13:30;0,88;Real
2026/08/30;13:45;0,611;Real
2026/08/30;14:00;0,735;Real
2026/08/30;14:15;0,504;Real
2026/08/30;14:30;0,659;Real
2026/08/30;14:45;0,555;Real
2026/08/30;15:00;0,489;Real
2026/08/30;15:15;0,598;Real
2026/08/30;15:30;0,581;Real
2026/08/30;15:45;0,508;Real
2026/08/30;16:00;0,356;Estimado
2026/08/30;16:15;0,344;Real
2026/08/30;16:30;0,335;Real
2026/08/30;16:45;0,472;Real
2026/08/30;17:00;0,396;Real
2026/08/30;17:15;0,5;Real
2026/08/30;17:30;0,337;Real
2026/08/30;17:45;0,413;Real
2026/08/30;18:00;0,318;Real
2026/08/30;18:15;0,588;Real
2026/08/30;18:30;0,409;Real
2026/08/30;18:45;0,583;Real
2026/08/30;19:00;0,583;Real
2026/08/30;19:15;0,661;Real
2026/08/30;19:30;0,697;Real
2026/08/30;19:45;0,587;Real
2026/08/30;20:00;0,702;Real
2026/08/30;20:15;0,711;Real
2026/08/30;20:30;0,982;Real
2026/08/30;20:45;0,724;Real
2026/08/30;21:00;0,553;Real
2026/08/30;21:15;0,874;Real
2026/08/30;21:30;0,788;Real
2026/08/30;21:45;0,703;Real
2026/08/30;22:00;1,04;Real
2026/08/30;22:15;0,737;Real
2026/08/30;22:30;0,743;Real
2026/08/30;22:45;0,609;Real
2026/08/30;23:00;0,572;Real
2026/08/30;23:15;0,256;Real
2026/08/30;23:30;0,395;Real
2026/08/30;23:45;0,284;Real
2026/08/31;00:00;0,276;Real
2026/08/31;00:15;0,216;Real
2026/08/31;00:30;0,213;Real
2026/08/31;00:45;0,233;Real
2026/08/31;01:00;0,176;Real
2026/08/31;01:15;2,113;Real
2026/08/31;01:30;0,16;Real
2026/08/31;01:45;0,139;Real
2026/08/31;02:00;0,123;Real
2026/08/31;02:15;0,097;Real
2026/08/31;02:30;0,155;Real
2026/08/31;02:45;0,105;Real
2026/08/31;03:00;0,141;Real
2026/08/31;03:15;0,107;Real
2026/08/31;03:30;0,153;Real
2026/08/31;03:45;0,158;Real
2026/08/31;04:00;0,098;Real
2026/08/31;04:15;0,159;Real
2026/08/31;04:30;0,09;Real
2026/08/31;04:45;0,153;Real
2026/08/31;05:00;0,138;Real
2026/08/31;05:15;0,177;Real
2026/08/31;05:30;0,101;Real
2026/08/31;05:45;0,159;Real
2026/08/31;06:00;0,174;Real
2026/08/31;06:15;0,217;Real
2026/08/31;06:30;0,249;Real
2026/08/31;06:45;0,156;Real
2026/08/31;07:00;0,259;Real
2026/08/31;07:15;0,468;Real
2026/08/31;07:30;0,265;Real
2026/08/31;07:45;0,266;Real
2026/08/31;08:00;0,323;Real
2026/08/31;08:15;0,368;Estimado
2026/08/31;08:30;0,32;Real
2026/08/31;08:45;0,419;Real
2026/08/31;09:00;0,525;Real
2026/08/31;09:15;0,263;Real
2026/08/31;09:30;0,358;Real
2026/08/31;09:45;0,301;Real
2026/08/31;10:00;0,245;Real
2026/08/31;10:15;0,302;Real
2026/08/31;10:30;0,322;Real
2026/08/31;10:45;0,276;Real
2026/08/31;11:00;0,247;Real
2026/08/31;11:15;0,288;Real
2026/08/31;11:30;0,318;Real
2026/08/31;11:45;0,391;Real
2026/08/31;12:00;0,39;Real
2026/08/31;12:15;0,351;Real
2026/08/31;12:30;0,539;Real
2026/08/31;12:45;0,5;Estimado
2026/08/31;13:00;0,555;Real
2026/08/31;13:15;0,371;Real
2026/08/31;13:30;0,361;Real
2026/08/31;13:45;0,531;Real
2026/08/31;14:00;0,577;Real
2026/08/31;14:15;0,359;Real
2026/08/31;14:30;0,241;Real
2026/08/31;14:45;0,259;Real
2026/08/31;15:00;0,286;Real
2026/08/31;15:15;0,228;Real
2026/08/31;15:30;0,312;Real
2026/08/31;15:45;0,335;Real
2026/08/31;16:00;0,237;Real
2026/08/31;16:15;0,214;Real
2026/08/31;16:30;0,314;Real
2026/08/31;16:45;0,206;Real
2026/08/31;17:00;0,337;Real
2026/08/31;17:15;0,246;Real
2026/08/31;17:30;0,271;Real
2026/08/31;17:45;0,38;Real
2026/08/31;18:00;0,265;Real
2026/08/31;18:15;0,575;Real
2026/08/31;18:30;0,561;Real
2026/08/31;18:45;0,334;Real
2026/08/31;19:00;0,405;Real
2026/08/31;19:15;0,696;Real
2026/08/31;19:30;0,463;Real
2026/08/31;19:45;0,459;Real
2026/08/31;20:00;0,531;Real
2026/08/31;20:15;0,672;Real
2026/08/31;20:30;2,709;Real
2026/08/31;20:45;1,061;Real
2026/08/31;21:00;0,977;Real
2026/08/31;21:15;0,626;Real
2026/08/31;21:30;0,681;Real
2026/08/31;21:45;0,877;Real
2026/08/31;22:00;0,733;Real
2026/08/31;22:15;2,201;Real
2026/08/31;22:30;2,365;Real
2026/08/31;22:45;0,542;Real
2026/08/31;23:00;0,591;Real
2026/08/31;23:15;0,297;Real
2026/08/31;23:30;0,435;Real
2026/08/31;23:45;0,322;Real
2026/09/01;00:00;0,405;Real
2026/09/01;00:15;0,189;Real
2026/09/01;00:30;0,223;Real
2026/09/01;00:45;0,131;Real
2026/09/01;01:00;0,165;Real
2026/09/01;01:15;0,159;Real
2026/09/01;01:30;0,112;Real
2026/09/01;01:45;0,144;Real
2026/09/01;02:00;0,17;Real
2026/09/01;02:15;0,131;Real
2026/09/01;02:30;0,096;Estimado
2026/09/01;02:45;0,143;Real
2026/09/01;03:00;0,096;Real
2026/09/01;03:15;0,124;Real
2026/09/01;03:30;0,138;Real
2026/09/01;03:45;0,087;Real
2026/09/01;04:00;0,106;Real
2026/09/01;04:15;0,102;Real
2026/09/01;04:30;0,141;Real
2026/09/01;04:45;0,136;Real
2026/09/01;05:00;0,156;Estimado
2026/09/01;05:15;0,115;Real
2026/09/01;05:30;0,109;Real
2026/09/01;05:45;0,154;Real
2026/09/01;06:00;0,105;Real
2026/09/01;06:15;0,192;Real
2026/09/01;06:30;0,275;Real
2026/09/01;06:45;0,181;Real
2026/09/01;07:00;0,154;Real
2026/09/01;07:15;0,334;Real
2026/09/01;07:30;0,285;Real
2026/09/01;07:45;0,284;Real
2026/09/01;08:00;0,355;Real
2026/09/01;08:15;0,351;Real
2026/09/01;08:30;0,384;Real
2026/09/01;08:45;0,393;Real
2026/09/01;09:00;0,367;Real
2026/09/01;09:15;0,315;Real
2026/09/01;09:30;0,37;Real
2026/09/01;09:45;0,293;Real
2026/09/01;10:00;0,357;Real
2026/09/01;10:15;0,336;Real
2026/09/01;10:30;0,22;Real
2026/09/01;10:45;0,287;Real
2026/09/01;11:00;0,269;Real
2026/09/01;11:15;0,248;Real
2026/09/01;11:30;0,368;Real
2026/09/01;11:45;0,377;Real
2026/09/01;12:00;0,239;Real
2026/09/01;12:15;0,569;Real
2026/09/01;12:30;0,436;Real
2026/09/01;12:45;0,441;Real
2026/09/01;13:00;0,565;Real
2026/09/01;13:15;0,466;Real
2026/09/01;13:30;0,541;Real
2026/09/01;13:45;0,625;Real
2026/09/01;14:00;0,618;Real
2026/09/01;14:15;0,399;Real
2026/09/01;14:30;0,425;Real
2026/09/01;14:45;0,403;Real
2026/09/01;15:00;0,331;Real
2026/09/01;15:15;0,287;Real
2026/09/01;15:30;0,309;Real
2026/09/01;15:45;0,292;Real
2026/09/01;16:00;0,316;Real
2026/09/01;16:15;0,217;Real
2026/09/01;16:30;0,295;Real
2026/09/01;16:45;0,2;Real
2026/09/01;17:00;0,337;Real
2026/09/01;17:15;0,396;Real
2026/09/01;17:30;0,303;Real
2026/09/01;17:45;0,322;Real
2026/09/01;18:00;0,398;Real
2026/09/01;18:15;0,423;Real
2026/09/01;18:30;0,501;Real
2026/09/01;18:45;0,348;Real
2026/09/01;19:00;0,46;Real
2026/09/01;19:15;0,596;Real
2026/09/01;19:30;0,686;Real
2026/09/01;19:45;0,513;Real
2026/09/01;20:00;0,597;Real
2026/09/01;20:15;0,884;Real
2026/09/01;20:30;0,826;Real
2026/09/01;20:45;0,839;Real
2026/09/01;21:00;0,763;Real
2026/09/01;21:15;0,895;Real
2026/09/01;21:30;0,878;Real
2026/09/01;21:45;0,848;Real
2026/09/01;22:00;0,761;Real
2026/09/01;22:15;2,429;Real
2026/09/01;22:30;2,261;Real
2026/09/01;22:45;0,734;Real
2026/09/01;23:00;0,63;Real
2026/09/01;23:15;0,315;Real
2026/09/01;23:30;0,286;Real
2026/09/01;23:45;0,425;Real
2026/09/02;00:00;0,243;Real
2026/09/02;00:15;0,236;Real
2026/09/02;00:30;0,154;Real
2026/09/02;00:45;0,137;Real
2026/09/02;01:00;0,234;Real
2026/09/02;01:15;0,121;Real
2026/09/02;01:30;0,104;Real
2026/09/02;01:45;0,11;Real
2026/09/02;02:00;0,16;Real
2026/09/02;02:15;0,124;Real
2026/09/02;02:30;0,125;Real
2026/09/02;02:45;0,11;Real
2026/09/02;03:00;0,148;Real
2026/09/02;03:15;0,158;Real
2026/09/02;03:30;0,102;Real
2026/09/02;03:45;0,105;Real
2026/09/02;04:00;0,153;Real
2026/09/02;04:15;0,109;Real
2026/09/02;04:30;0,098;Real
2026/09/02;04:45;0,096;Real
2026/09/02;05:00;0,118;Real
2026/09/02;05:15;0,152;Real
2026/09/02;05:30;0,162;Real
2026/09/02;05:45;0,168;Real
2026/09/02;06:00;0,142;Estimado
2026/09/02;06:15;0,154;Real
2026/09/02;06:30;0,183;Real
2026/09/02;06:45;0,2;Real
2026/09/02;07:00;0,211;Real
2026/09/02;07:15;0,319;Real
2026/09/02;07:30;0,421;Real
2026/09/02;07:45;0,369;Real
2026/09/02;08:00;0,343;Real
2026/09/02;08:15;0,519;Real
2026/09/02;08:30;0,355;Real
2026/09/02;08:45;0,437;Real
2026/09/02;09:00;0,395;Real
2026/09/02;09:15;0,353;Real
2026/09/02;09:30;0,32;Real
2026/09/02;09:45;0,421;Real
2026/09/02;10:00;0,321;Real
2026/09/02;10:15;0,333;Real
2026/09/02;10:30;0,326;Real
2026/09/02;10:45;0,268;Real
2026/09/02;11:00;0,251;Real
2026/09/02;11:15;0,264;Real
2026/09/02;11:30;0,269;Real
2026/09/02;11:45;0,302;Real
2026/09/02;12:00;0,399;Real
2026/09/02;12:15;0,573;Real
2026/09/02;12:30;0,583;Real
2026/09/02;12:45;0,333;Real
2026/09/02;13:00;0,473;Real
2026/09/02;13:15;0,582;Real
2026/09/02;13:30;0,613;Estimado
2026/09/02;13:45;0,556;Real
2026/09/02;14:00;0,568;Real
2026/09/02;14:15;0,3;Real
2026/09/02;14:30;0,368;Real
2026/09/02;14:45;0,372;Real
2026/09/02;15:00;0,291;Real
2026/09/02;15:15;0,342;Real
2026/09/02;15:30;0,231;Real
2026/09/02;15:45;0,275;Real
2026/09/02;16:00;0,227;Real
2026/09/02;16:15;0,211;Real
2026/09/02;16:30;0,212;Real
2026/09/02;16:45;0,303;Real
2026/09/02;17:00;0,311;Real
2026/09/02;17:15;0,426;Real
2026/09/02;17:30;0,344;Real
2026/09/02;17:45;0,358;Real
2026/09/02;18:00;0,316;Real
2026/09/02;18:15;0,482;Real
2026/09/02;18:30;0,449;Real
2026/09/02;18:45;0,395;Real
2026/09/02;19:00;0,426;Real
2026/09/02;19:15;0,674;Real
2026/09/02;19:30;0,567;Real
2026/09/02;19:45;0,804;Real
2026/09/02;20:00;0,799;Real
2026/09/02;20:15;0,664;Real
2026/09/02;20:30;2,476;Real
2026/09/02;20:45;1,022;Real
2026/09/02;21:00;0,623;Real
2026/09/02;21:15;1,063;Real
2026/09/02;21:30;0,733;Real
2026/09/02;21:45;0,73;Real
2026/09/02;22:00;0,901;Real
2026/09/02;22:15;2,37;Real
2026/09/02;22:30;0,713;Real
2026/09/02;22:45;0,583;Real
2026/09/02;23:00;0,642;Real
2026/09/02;23:15;0,41;Real
2026/09/02;23:30;0,39;Real
2026/09/02;23:45;0,392;Real
2026/09/03;00:00;0,388;Real
2026/09/03;00:15;0,208;Real
2026/09/03;00:30;0,203;Real
2026/09/03;00:45;0,193;Real
2026/09/03;01:00;0,149;Real
2026/09/03;01:15;0,154;Real
2026/09/03;01:30;0,167;Real
2026/09/03;01:45;0,106;Real
2026/09/03;02:00;0,097;Real
2026/09/03;02:15;0,105;Real
2026/09/03;02:30;0,099;Real
2026/09/03;02:45;0,089;Real
2026/09/03;03:00;0,128;Real
2026/09/03;03:15;0,113;Real
2026/09/03;03:30;0,154;Real
2026/09/03;03:45;0,141;Real
2026/09/03;04:00;0,148;Real
2026/09/03;04:15;0,138;Real
2026/09/03;04:30;0,124;Real
2026/09/03;04:45;0,13;Real
2026/09/03;05:00;0,124;Real
2026/09/03;05:15;0,123;Real
2026/09/03;05:30;0,176;Real
2026/09/03;05:45;0,099;Real
2026/09/03;06:00;0,098;Real
2026/09/03;06:15;0,249;Real
2026/09/03;06:30;0,253;Real
2026/09/03;06:45;0,193;Real
2026/09/03;07:00;0,263;Real
2026/09/03;07:15;0,277;Real
2026/09/03;07:30;0,381;Real
2026/09/03;07:45;0,428;Real
2026/09/03;08:00;0,465;Real
2026/09/03;08:15;0,346;Real
2026/09/03;08:30;0,372;Real
2026/09/03;08:45;0,384;Real
2026/09/03;09:00;0,339;Real
2026/09/03;09:15;0,305;Real
2026/09/03;09:30;0,311;Real
2026/09/03;09:45;0,273;Real
2026/09/03;10:00;0,374;Real
2026/09/03;10:15;0,256;Real
2026/09/03;10:30;0,305;Real
2026/09/03;10:45;0,255;Real
2026/09/03;11:00;0,347;Real
2026/09/03;11:15;0,306;Real
2026/09/03;11:30;0,255;Real
2026/09/03;11:45;0,29;Real
2026/09/03;12:00;0,276;Real
2026/09/03;12:15;0,407;Real
2026/09/03;12:30;0,506;Real
2026/09/03;12:45;0,326;Real
2026/09/03;13:00;0,359;Real
2026/09/03;13:15;0,44;Real
2026/09/03;13:30;0,48;Real
2026/09/03;13:45;0,53;Estimado
2026/09/03;14:00;0,37;Real
2026/09/03;14:15;0,249;Real
2026/09/03;14:30;0,258;Real
2026/09/03;14:45;0,384;Real
2026/09/03;15:00;0,314;Real
2026/09/03;15:15;0,211;Real
2026/09/03;15:30;0,266;Real
2026/09/03;15:45;0,216;Real
2026/09/03;16:00;0,278;Real
2026/09/03;16:15;0,253;Real
2026/09/03;16:30;0,275;Real
2026/09/03;16:45;0,258;Real
2026/09/03;17:00;0,301;Real
2026/09/03;17:15;0,288;Real
2026/09/03;17:30;0,365;Real
2026/09/03;17:45;0,427;Real
2026/09/03;18:00;0,368;Real
2026/09/03;18:15;0,396;Real
2026/09/03;18:30;0,398;Real
2026/09/03;18:45;0,386;Real
2026/09/03;19:00;0,348;Real
2026/09/03;19:15;0,58;Real
2026/09/03;19:30;0,575;Real
2026/09/03;19:45;0,547;Real
2026/09/03;20:00;0,537;Real
2026/09/03;20:15;0,947;Real
2026/09/03;20:30;1,062;Real
2026/09/03;20:45;0,969;Real
2026/09/03;21:00;0,925;Real
2026/09/03;21:15;0,656;Real
2026/09/03;21:30;0,76;Real
2026/09/03;21:45;0,657;Real
2026/09/03;22:00;0,892;Real
2026/09/03;22:15;2,238;Real
2026/09/03;22:30;2,06;Real
2026/09/03;22:45;0,478;Real
2026/09/03;23:00;0,52;Real
2026/09/03;23:15;0,368;Real
2026/09/03;23:30;0,373;Real
2026/09/03;23:45;0,339;Real
2026/09/04;00:00;0,412;Real
2026/09/04;00:15;0,171;Real
2026/09/04;00:30;0,201;Real
2026/09/04;00:45;0,214;Real
2026/09/04;01:00;0,193;Real
2026/09/04;01:15;2,11;Real
2026/09/04;01:30;0,098;Real
2026/09/04;01:45;0,169;Real
2026/09/04;02:00;0,155;Real
2026/09/04;02:15;0,113;Real
2026/09/04;02:30;0,125;Estimado
2026/09/04;02:45;0,104;Real
2026/09/04;03:00;0,154;Real
2026/09/04;03:15;0,089;Real
2026/09/04;03:30;0,152;Real
2026/09/04;03:45;0,154;Real
2026/09/04;04:00;0,105;Real
2026/09/04;04:15;0,117;Real
2026/09/04;04:30;0,149;Real
2026/09/04;04:45;0,145;Real
2026/09/04;05:00;0,126;Real
2026/09/04;05:15;0,097;Real
2026/09/04;05:30;0,171;Real
2026/09/04;05:45;0,172;Real
2026/09/04;06:00;0,148;Real
2026/09/04;06:15;0,171;Real
2026/09/04;06:30;0,236;Real
2026/09/04;06:45;0,212;Real
2026/09/04;07:00;0,159;Real
2026/09/04;07:15;0,474;Real
2026/09/04;07:30;0,449;Real
2026/09/04;07:45;0,446;Estimado
2026/09/04;08:00;0,283;Real
2026/09/04;08:15;0,458;Real
2026/09/04;08:30;0,415;Real
2026/09/04;08:45;0,472;Real
2026/09/04;09:00;0,513;Real
2026/09/04;09:15;0,272;Real
2026/09/04;09:30;0,412;Real
2026/09/04;09:45;0,383;Real
2026/09/04;10:00;0,248;Real
2026/09/04;10:15;0,207;Real
2026/09/04;10:30;0,307;Real
2026/09/04;10:45;0,276;Real
2026/09/04;11:00;0,252;Real
2026/09/04;11:15;0,384;Real
2026/09/04;11:30;0,33;Real
2026/09/04;11:45;0,218;Real
2026/09/04;12:00;0,285;Real
2026/09/04;12:15;0,467;Real
2026/09/04;12:30;0,517;Real
2026/09/04;12:45;0,52;Real
2026/09/04;13:00;0,548;Real
2026/09/04;13:15;0,418;Real
2026/09/04;13:30;0,554;Real
2026/09/04;13:45;0,357;Real
2026/09/04;14:00;0,597;Real
2026/09/04;14:15;0,295;Real
2026/09/04;14:30;0,25;Real
2026/09/04;14:45;0,282;Real
2026/09/04;15:00;0,292;Real
2026/09/04;15:15;0,206;Real
2026/09/04;15:30;0,31;Real
2026/09/04;15:45;0,221;Real
2026/09/04;16:00;0,282;Real
2026/09/04;16:15;0,235;Real
2026/09/04;16:30;0,35;Real
2026/09/04;16:45;0,265;Real
2026/09/04;17:00;0,326;Real
2026/09/04;17:15;0,331;Real
2026/09/04;17:30;0,433;Real
2026/09/04;17:45;0,438;Real
2026/09/04;18:00;0,414;Real
2026/09/04;18:15;0,527;Real
2026/09/04;18:30;0,374;Real
2026/09/04;18:45;0,485;Real
2026/09/04;19:00;0,366;Real
2026/09/04;19:15;0,535;Real
2026/09/04;19:30;0,645;Real
2026/09/04;19:45;0,509;Real
2026/09/04;20:00;0,733;Real
2026/09/04;20:15;0,674;Real
2026/09/04;20:30;2,579;Real
2026/09/04;20:45;1,077;Real
2026/09/04;21:00;0,929;Real
2026/09/04;21:15;0,771;Real
2026/09/04;21:30;0,756;Real
2026/09/04;21:45;0,647;Real
2026/09/04;22:00;1,035;Real
2026/09/04;22:15;0,807;Real
2026/09/04;22:30;2,159;Real
2026/09/04;22:45;0,779;Real
2026/09/04;23:00;0,753;Real
2026/09/04;23:15;0,257;Real
2026/09/04;23:30;0,278;Real
2026/09/04;23:45;0,325;Real
2026/09/05;00:00;0,266;Real
2026/09/05;00:15;0,196;Real
2026/09/05;00:30;0,154;Real
2026/09/05;00:45;0,255;Real
2026/09/05;01:00;0,256;Real
2026/09/05;01:15;2,159;Real
2026/09/05;01:30;0,201;Real
2026/09/05;01:45;0,133;Real
2026/09/05;02:00;0,122;Real
2026/09/05;02:15;0,134;Real
2026/09/05;02:30;0,134;Real
2026/09/05;02:45;0,148;Real
2026/09/05;03:00;0,116;Real
2026/09/05;03:15;0,126;Estimado
2026/09/05;03:30;0,092;Real
2026/09/05;03:45;0,122;Real
2026/09/05;04:00;0,119;Real
2026/09/05;04:15;0,14;Real
2026/09/05;04:30;0,137;Real
2026/09/05;04:45;0,097;Real
2026/09/05;05:00;0,108;Real
2026/09/05;05:15;0,153;Real
2026/09/05;05:30;0,119;Real
2026/09/05;05:45;0,164;Real
2026/09/05;06:00;0,117;Real
2026/09/05;06:15;0,18;Real
2026/09/05;06:30;0,143;Real
2026/09/05;06:45;0,162;Real
2026/09/05;07:00;0,146;Real
2026/09/05;07:15;0,261;Real
2026/09/05;07:30;0,291;Real
2026/09/05;07:45;0,228;Real
2026/09/05;08:00;0,179;Real
2026/09/05;08:15;0,373;Real
2026/09/05;08:30;0,338;Real
2026/09/05;08:45;0,347;Real
2026/09/05;09:00;0,454;Real
2026/09/05;09:15;0,655;Real
2026/09/05;09:30;0,466;Real
2026/09/05;09:45;0,5;Real
2026/09/05;10:00;0,443;Real
2026/09/05;10:15;0,553;Real
2026/09/05;10:30;0,571;Real
2026/09/05;10:45;0,705;Real
2026/09/05;11:00;0,56;Real
2026/09/05;11:15;0,762;Real
2026/09/05;11:30;0,7;Real
2026/09/05;11:45;0,737;Real
2026/09/05;12:00;0,716;Real
2026/09/05;12:15;0,826;Real
2026/09/05;12:30;0,694;Real
2026/09/05;12:45;0,698;Real
2026/09/05;13:00;0,842;Real
2026/09/05;13:15;0,833;Real
2026/09/05;13:30;0,845;Real
2026/09/05;13:45;0,921;Real
2026/09/05;14:00;0,777;Real
2026/09/05;14:15;0,568;Real
2026/09/05;14:30;0,599;Real
2026/09/05;14:45;0,567;Real
2026/09/05;15:00;0,585;Real
2026/09/05;15:15;0,357;Real
2026/09/05;15:30;0,587;Real
2026/09/05;15:45;0,497;Real
2026/09/05;16:00;0,592;Real
2026/09/05;16:15;0,311;Real
2026/09/05;16:30;0,423;Real
2026/09/05;16:45;0,491;Real
2026/09/05;17:00;0,334;Real
2026/09/05;17:15;0,514;Real
2026/09/05;17:30;0,474;Real
2026/09/05;17:45;0,466;Real
2026/09/05;18:00;0,444;Real
2026/09/05;18:15;0,452;Real
2026/09/05;18:30;0,401;Real
2026/09/05;18:45;0,442;Real
2026/09/05;19:00;0,45;Real
2026/09/05;19:15;0,551;Real
2026/09/05;19:30;0,456;Real
2026/09/05;19:45;0,591;Real
2026/09/05;20:00;0,601;Real
2026/09/05;20:15;0,591;Real
2026/09/05;20:30;2,421;Real
2026/09/05;20:45;0,66;Estimado
2026/09/05;21:00;0,915;Real
2026/09/05;21:15;0,707;Real
2026/09/05;21:30;1,04;Real
2026/09/05;21:45;0,593;Real
2026/09/05;22:00;0,776;Real
2026/09/05;22:15;0,718;Real
2026/09/05;22:30;0,443;Real
2026/09/05;22:45;0,595;Real
2026/09/05;23:00;0,684;Real
2026/09/05;23:15;0,245;Real
2026/09/05;23:30;0,348;Real
2026/09/05;23:45;0,406;Real
2026/09/06;00:00;0,353;Real
